insert into brands(brand_id, brand_name)
values (0, 'Back to Nature'),
(1, 'Cobblestone'),
(2, 'Daves'),
(3, 'Entenmanns'),
(4, 'Home Pride'),
(5, 'Carnatio'),
(6, 'Coca-Cola'),
(7, 'Horlicks'),
(8, 'Killer Shake'),
(9, 'Nesquik'),
(10, 'Nestlé Milo'),
(11, 'Mirinda'),
(12, 'Ovaltine'),
(13, 'Pog'),
(14, 'Silk'),
(15, 'Chips'),
(16, 'Famous'),
(17, 'Foxs'),
(18, 'HobNob'),
(19, 'Jaffa Cakes'),
(20, 'Kinder'),
(21, 'Kit Kat'),
(22, 'Kits'),
(23, 'Loacker'),
(24, 'Newma'),
(25, 'Oreo'),
(26, 'Taxi'),
(27, 'Tim Tam'),
(28, 'Tracker'),
(29, 'United Biscuits'),
(30, 'Walkers'),
(31, 'Baskin Robbins'),
(32, 'Betty Crocker'),
(33, 'Cadbury '),
(34, 'Cadbury'),
(35, 'Dunkin'),
(36, 'Krispy Kreme'),
(37, 'Mars Muffin'),
(38, 'McVities'),
(39, 'Mr Kipling'),
(40, 'Secret Recipe'),
(41, 'Brannigans'),
(42, 'Bugles'),
(43, 'Cape Cod'),
(44, 'Cheetos'),
(45, 'Cheez Doodles'),
(46, 'Cheez-It'),
(47, 'Cheezies'),
(48, 'CornNuts'),
(49, 'David'),
(50, 'Pepsi');

insert into stores (store_id, city, street_name, street_num, opening_time, closing_time)
values (1, 'Oskemen', 'Tolstoi', 133, '9:00', '23:00'),
(2, 'Almaty', 'Abylay', 56, '9:00', '23:00'),
(3, 'Oskemen', 'Qabanbay', 102, '9:00', '23:00'),
(4, 'Oskemen', 'Qabanbay', 105, '9:00', '23:00'),
(5, 'Almaty', 'Abay', 174, '9:00', '23:00'),
(6, 'Almaty', 'Satpaev', 13, '9:00', '23:00'),
(7, 'Nur-Sultan', 'Aqan Seri', 41, '9:00', '23:00'),
(8, 'Oskemen', 'Tolstoi', 100, '9:00', '23:00'),
(9, 'Atyrau', 'Almagul', 33, '9:00', '23:00'),
(10, 'Oskemen', 'Kazakhstan', 87, '9:00', '23:00'),
(11, 'Nur-Sultan', 'Abat-Baytaq', 36, '9:00', '23:00'),
(12, 'Shymkent', 'Torequlov', 46, '9:00', '23:00'),
(13, 'Almaty', 'Sairan', 33, '9:00', '23:00'),
(14, 'Almaty', 'Satpaev', 15, '9:00', '23:00'),
(15, 'Nur-Sultan', 'Abat-Baytaq', 20, '9:00', '23:00'),
(16, 'Shymkent', 'Baidybek', 12, '9:00', '23:00'),
(17, 'Oskemen', 'Kazakhstan', 12, '9:00', '23:00'),
(18, 'Oskemen', 'Kazakhstan', 160, '9:00', '23:00'),
(19, 'Atyrau', 'Zhuldyz', 78, '9:00', '23:00'),
(20, 'Oskemen', 'Tolstoi', 154, '9:00', '23:00'),
(21, 'Almaty', 'Satpaev', 96, '9:00', '23:00'),
(22, 'Atyrau', 'Sultan', 37, '9:00', '23:00'),
(23, 'Almaty', 'Abay', 12, '9:00', '23:00'),
(24, 'Almaty', 'Abay', 93, '9:00', '23:00'),
(25, 'Oskemen', 'Tolstoi', 40, '9:00', '23:00'),
(26, 'Atyrau', 'Isatay', 41, '9:00', '23:00'),
(27, 'Shymkent', 'Torequlov', 116, '9:00', '23:00'),
(28, 'Atyrau', 'Isatay', 139, '9:00', '23:00'),
(29, 'Oskemen', 'Qabanbay', 87, '9:00', '23:00'),
(30, 'Nur-Sultan', 'Oqzhetpes', 8, '9:00', '23:00'),
(31, 'Nur-Sultan', 'Oqzhetpes', 37, '9:00', '23:00'),
(32, 'Almaty', 'Abay', 15, '9:00', '23:00'),
(33, 'Oskemen', 'Qabanbay', 1, '9:00', '23:00'),
(34, 'Atyrau', 'Zhuldyz', 60, '9:00', '23:00'),
(35, 'Shymkent', 'Torequlov', 79, '9:00', '23:00'),
(36, 'Almaty', 'Sairan', 136, '9:00', '23:00'),
(37, 'Atyrau', 'Isatay', 60, '9:00', '23:00'),
(38, 'Atyrau', 'Almagul', 152, '9:00', '23:00'),
(39, 'Nur-Sultan', 'Aqan Seri', 17, '9:00', '23:00'),
(40, 'Atyrau', 'Sultan', 128, '9:00', '23:00'),
(41, 'Shymkent', 'Torequlov', 105, '9:00', '23:00'),
(42, 'Oskemen', 'Tolstoi', 4, '9:00', '23:00'),
(43, 'Nur-Sultan', 'Abat-Baytaq', 36, '9:00', '23:00'),
(44, 'Shymkent', 'Ryleyev', 33, '9:00', '23:00'),
(45, 'Atyrau', 'Sultan', 93, '9:00', '23:00'),
(46, 'Oskemen', 'Kazakhstan', 85, '9:00', '23:00'),
(47, 'Shymkent', 'Baidybek', 58, '9:00', '23:00'),
(48, 'Almaty', 'Satpaev', 156, '9:00', '23:00'),
(49, 'Nur-Sultan', 'Abat-Baytaq', 131, '9:00', '23:00'),
(50, 'Almaty', 'Sairan', 63, '9:00', '23:00'),
(51, 'Nur-Sultan', 'Nurghisa', 106, '9:00', '23:00'),
(52, 'Nur-Sultan', 'Nurghisa', 175, '9:00', '23:00'),
(53, 'Shymkent', 'Ryleyev', 40, '9:00', '23:00'),
(54, 'Atyrau', 'Zhuldyz', 116, '9:00', '23:00'),
(55, 'Almaty', 'Abylay', 96, '9:00', '23:00'),
(56, 'Atyrau', 'Almagul', 128, '9:00', '23:00'),
(57, 'Atyrau', 'Sultan', 87, '9:00', '23:00'),
(58, 'Nur-Sultan', 'Oqzhetpes', 106, '9:00', '23:00'),
(59, 'Atyrau', 'Sultan', 116, '9:00', '23:00'),
(60, 'Atyrau', 'Isatay', 146, '9:00', '23:00'),
(61, 'Almaty', 'Sairan', 108, '9:00', '23:00'),
(62, 'Nur-Sultan', 'Oqzhetpes', 123, '9:00', '23:00'),
(63, 'Atyrau', 'Zhuldyz', 128, '9:00', '23:00'),
(64, 'Atyrau', 'Sultan', 167, '9:00', '23:00'),
(65, 'Shymkent', 'Baidybek', 13, '9:00', '23:00'),
(66, 'Shymkent', 'Ryleyev', 113, '9:00', '23:00'),
(67, 'Shymkent', 'Torequlov', 21, '9:00', '23:00'),
(68, 'Almaty', 'Satpaev', 131, '9:00', '23:00'),
(69, 'Almaty', 'Abay', 8, '9:00', '23:00'),
(70, 'Almaty', 'Abay', 125, '9:00', '23:00'),
(71, 'Atyrau', 'Sultan', 174, '9:00', '23:00'),
(72, 'Atyrau', 'Zhuldyz', 149, '9:00', '23:00'),
(73, 'Almaty', 'Sairan', 17, '9:00', '23:00'),
(74, 'Oskemen', 'Tolstoi', 42, '9:00', '23:00'),
(75, 'Oskemen', 'Tolstoi', 106, '9:00', '23:00'),
(76, 'Almaty', 'Abylay', 149, '9:00', '23:00'),
(77, 'Almaty', 'Sairan', 3, '9:00', '23:00'),
(78, 'Oskemen', 'Tolstoi', 104, '9:00', '23:00'),
(79, 'Shymkent', 'Baidybek', 24, '9:00', '23:00'),
(80, 'Almaty', 'Abylay', 1, '9:00', '23:00'),
(81, 'Nur-Sultan', 'Abat-Baytaq', 19, '9:00', '23:00'),
(82, 'Atyrau', 'Zhuldyz', 166, '9:00', '23:00'),
(83, 'Oskemen', 'Qazybek', 31, '9:00', '23:00'),
(84, 'Oskemen', 'Kazakhstan', 44, '9:00', '23:00'),
(85, 'Atyrau', 'Zhuldyz', 17, '9:00', '23:00'),
(86, 'Nur-Sultan', 'Nurghisa', 170, '9:00', '23:00'),
(87, 'Nur-Sultan', 'Abat-Baytaq', 92, '9:00', '23:00'),
(88, 'Oskemen', 'Qabanbay', 86, '9:00', '23:00'),
(89, 'Atyrau', 'Zhuldyz', 34, '9:00', '23:00'),
(90, 'Atyrau', 'Isatay', 126, '9:00', '23:00'),
(91, 'Nur-Sultan', 'Aqan Seri', 32, '9:00', '23:00'),
(92, 'Nur-Sultan', 'Nurghisa', 51, '9:00', '23:00'),
(93, 'Oskemen', 'Tolstoi', 117, '9:00', '23:00'),
(94, 'Almaty', 'Abay', 148, '9:00', '23:00'),
(95, 'Atyrau', 'Zhuldyz', 101, '9:00', '23:00'),
(96, 'Shymkent', 'Ryleyev', 146, '9:00', '23:00'),
(97, 'Shymkent', 'Torequlov', 71, '9:00', '23:00'),
(98, 'Almaty', 'Satpaev', 144, '9:00', '23:00'),
(99, 'Oskemen', 'Qazybek', 54, '9:00', '23:00'),
(100, 'Almaty', 'Abay', 147, '9:00', '23:00');

insert into customer(customer_id, first_name, last_name)
values (1, 'Michael', 'SMITH'),
(2, 'Christopher', 'JOHNSON'),
(3, 'Jessica', 'WILLIAMS'),
(4, 'Matthew', 'JONES'),
(5, 'Ashley', 'BROWN'),
(6, 'Jennifer', 'DAVIS'),
(7, 'Joshua', 'MILLER'),
(8, 'Amanda', 'WILSON'),
(9, 'Daniel', 'MOORE'),
(10, 'David', 'TAYLOR'),
(11, 'James', 'ANDERSON'),
(12, 'Robert', 'THOMAS'),
(13, 'John', 'JACKSON'),
(14, 'Joseph', 'WHITE'),
(15, 'Andrew', 'HARRIS'),
(16, 'Ryan', 'MARTIN'),
(17, 'Brandon', 'THOMPSON'),
(18, 'Jason', 'GARCIA'),
(19, 'Justin', 'MARTINEZ'),
(20, 'Sarah', 'ROBINSON'),
(21, 'William', 'CLARK'),
(22, 'Jonathan', 'RODRIGUEZ'),
(23, 'Stephanie', 'LEWIS'),
(24, 'Brian', 'LEE'),
(25, 'Nicole', 'WALKER'),
(26, 'Nicholas', 'HALL'),
(27, 'Anthony', 'ALLEN'),
(28, 'Heather', 'YOUNG'),
(29, 'Eric', 'HERNANDEZ'),
(30, 'Elizabeth', 'KING'),
(31, 'Adam', 'WRIGHT'),
(32, 'Megan', 'LOPEZ'),
(33, 'Melissa', 'HILL'),
(34, 'Kevin', 'SCOTT'),
(35, 'Steven', 'GREEN'),
(36, 'Thomas', 'ADAMS'),
(37, 'Timothy', 'BAKER'),
(38, 'Christina', 'GONZALEZ'),
(39, 'Kyle', 'NELSON'),
(40, 'Rachel', 'CARTER'),
(41, 'Laura', 'MITCHELL'),
(42, 'Lauren', 'PEREZ'),
(43, 'Amber', 'ROBERTS'),
(44, 'Brittany', 'TURNER'),
(45, 'Danielle', 'PHILLIPS'),
(46, 'Richard', 'CAMPBELL'),
(47, 'Kimberly', 'PARKER'),
(48, 'Jeffrey', 'EVANS'),
(49, 'Amy', 'EDWARDS'),
(50, 'Crysta', 'COLLIN');

insert into products(product_upc, product_name, package_type, package_size, product_price, brand_id)
values(924618, 'Tasty Grillz', 'Bottle', '1.5l', 88, 48),
(613431, 'Moveable Food', 'Bottle', '2l', 62, 22),
(328623, 'Taste and Health', 'Bottle', '1l', 135, 42),
(294907, 'American Food', 'Can', '0.5KG', 110, 41),
(810517, 'Air Source', 'Cartone', '2kg', 3, 18),
(187113, 'Totally Healthy', 'Tray', '0.5KG', 5, 28),
(465382, 'Arissa Nutrition', 'Tray', '1.5kg', 80, 24),
(662708, 'Better Health', 'Pot', '1.5kg', 11, 36),
(494479, 'Nutrition Bomb', 'Tin', '2kg', 108, 41),
(919342, 'Fried Chickens', 'Tube', '1.5kg', 3, 6),
(784938, 'Tasty Fish', 'Tray', '1kg', 122, 40),
(118544, 'Golden Foods', 'Jar', '1.5kg', 8, 25),
(726453, 'The Juice of Choice', 'Tin', '1l', 101, 26),
(720483, 'Cleaned & Fresh', 'Tin', '0.5KG', 96, 47),
(286606, 'Sun Natural', 'Multipack', '1.5l', 91, 26),
(934033, 'Better Choice', 'Multipack', '1kg', 149, 4),
(464105, 'Organic Quality Food', 'Multipack', '1.5l', 28, 36),
(484122, 'Smart Meals', 'Pot', '1.5l', 145, 11),
(671588, 'Snap Kitchen', 'Blister', '2kg', 139, 17),
(376709, 'Vitality Bowls', 'Packet', '1l', 116, 24),
(821885, 'Wholesome Bites', 'Tray', '0.5KG', 106, 10),
(118040, 'Wrap U Tight', 'Cartone', '1kg', 48, 15),
(135160, 'Better Taste', 'Cartone', '1.5kg', 88, 16),
(327091, 'Wonderful Food', 'Multipack', '0.5KG', 141, 10),
(852319, 'The Amazing Kitchen', 'Jar', '2l', 86, 29),
(772086, 'Key to Health', 'Multipack', '2kg', 6, 45),
(958403, 'True Food Nutrients', 'Box', '1kg', 35, 2),
(246374, 'Young Life', 'Tray', '0.5l', 56, 46),
(146353, 'The Signature Kitchen', 'Pot', '0.5KG', 111, 5),
(305413, 'Blue Plate Foods', 'Blister', '1l', 98, 30),
(281651, 'Burger & Beer Joint', 'Multipack', '1l', 134, 44),
(222445, 'Full Moon Dishes', 'Tube', '2kg', 46, 43),
(846573, 'Dish for the King', 'Bottle', '2kg', 66, 24),
(848850, 'Royal Grillz', 'Blister', '1.5l', 109, 1),
(461177, 'Choose the Best', 'Cartone', '2kg', 12, 8),
(741848, 'Crusty Food', 'Bag', '1.5l', 125, 48),
(639060, 'Hot and Spicy', 'Bottle', '2kg', 92, 42),
(274716, 'Night Bird', 'Bag', '1kg', 130, 37),
(837349, 'The Spice of Sea', 'Tray', '2l', 112, 14),
(498682, 'Fish Point', 'Tube', '1kg', 103, 29),
(828848, 'Fish and Her Ex Cooked', 'Jar', '1.5l', 15, 1),
(460717, 'The Red Door', 'Tube', '1.5kg', 82, 14),
(971967, 'Tower 23 Hotel', 'Jar', '1.5l', 61, 33),
(299790, 'A Salt & Battery', 'Jar', '1.5l', 80, 31),
(937445, 'Brewed Awakening', 'Jar', '1.5kg', 31, 11),
(686101, 'Mama’s Fish House', 'Tin', '0.5KG', 62, 6),
(162457, 'Nin Com Soup', 'Tray', '1kg', 97, 28),
(631962, 'The Egg & Us', 'Box', '1l', 57, 41),
(202583, 'The Incredible Café', 'Multipack', '0.5KG', 65, 29),
(140105, 'Urban Remedy', 'Packet', '0.5l', 56, 16),
(850598, 'Zero Restaurant', 'Can', '0.5KG', 66, 44),
(243810, 'Blackbrick', 'Bag', '2kg', 14, 9),
(984389, 'Cafe Coyote', 'Packet', '1.5kg', 140, 12),
(165109, 'Chewy Balls', 'Bottle', '0.5l', 122, 34),
(627455, 'Like No Udder', 'Box', '1l', 69, 1),
(364488, 'Marina Kitchen', 'Box', '2l', 40, 7),
(635086, 'The Fishery', 'Tube', '0.5KG', 49, 48),
(425089, 'The Local House', 'Multipack', '1kg', 107, 36),
(667251, 'Rootly', 'Tray', '2kg', 59, 29),
(778064, 'Fruity Bag', 'Packet', '0.5l', 118, 36),
(307365, 'Picnic Goods', 'Tin', '1l', 122, 14),
(430648, 'Cooking Cheese', 'Tube', '0.5KG', 40, 30),
(755189, 'Dash of Delish', 'Bottle', '2l', 17, 31),
(994315, 'Cook Cove', 'Pot', '1l', 26, 24),
(859781, 'Cavern Cooks', 'Box', '1kg', 16, 20),
(986504, 'Dine Table', 'Box', '0.5l', 132, 21),
(883575, 'Snack Sprint', 'Packet', '1l', 92, 21),
(452423, 'Hungry Helpers', 'Multipack', '2kg', 136, 35),
(448371, 'Harvest Hill', 'Tray', '1.5l', 60, 32),
(764268, 'Pub Soda', 'Cartone', '2l', 15, 47),
(964769, 'Fiesty Fork', 'Tube', '0.5l', 21, 18),
(376368, 'A Caper a Day', 'Tin', '0.5KG', 29, 47),
(240073, 'The Spicy Oak', 'Cartone', '0.5l', 8, 29),
(683595, 'Tiny Tarts', 'Tube', '0.5l', 73, 45),
(869934, 'Minute Meals.', 'Blister', '1kg', 43, 24),
(329223, 'Minuteman', 'Tray', '1kg', 27, 39),
(874056, 'Home Style Cooking', 'Bag', '1l', 16, 21),
(989738, 'Cooked With Care', 'Bag', '2kg', 7, 9),
(733411, 'The Bowling Pot', 'Tin', '2kg', 13, 45),
(414188, 'Hot and Spicy', 'Pot', '1.5kg', 97, 26),
(469549, 'Fresh Made', 'Box', '0.5l', 78, 13),
(142381, 'Natural Blend', 'Tray', '2l', 149, 12),
(604900, 'Homely Food', 'Tube', '1l', 125, 47),
(596825, 'Eat and Meat', 'Can', '1.5l', 91, 2),
(532856, 'Mexican Food', 'Bag', '2l', 74, 48),
(259488, 'Handmade Burgers', 'Tin', '1l', 25, 7),
(121630, 'Main Street Meals', 'Multipack', '0.5KG', 79, 1),
(577868, 'Happy Eating', 'Blister', '0.5l', 119, 21),
(628399, 'Café Corner', 'Blister', '1l', 50, 3),
(999737, 'House of Dishes', 'Packet', '0.5l', 3, 1),
(194787, 'The Taste Buds', 'Tray', '0.5KG', 126, 5),
(581147, 'Taste Box', 'Blister', '1l', 74, 1),
(581448, 'Pizza Box', 'Tin', '0.5l', 56, 22),
(927052, 'Sticky Diet', 'Tin', '1.5l', 96, 3),
(682370, 'coca-cola', 'Box', '0.5l', 118, 29),
(154713, 'pepsi', 'Cartone', '2kg', 54, 23),
(957825, 'Doner', 'Can', '1kg', 38, 13),
(134103, 'Pizza', 'Can', '2kg', 5, 30),
(836022, 'Macarones', 'Pot', '2l', 89, 34),
(975302, 'Sush', 'Cartone', '0.5KG', 120, 42);

insert into phone_numbers(customer_id, phone_number)
values (1, '779-693-2921'),
(2, '265-243-9867'),
(3, '998-137-7674'),
(4, '710-657-0243'),
(5, '414-585-9900'),
(6, '709-528-0097'),
(7, '213-009-2673'),
(8, '439-286-6326'),
(9, '940-701-1203'),
(10, '964-853-6409'),
(11, '842-152-4100'),
(12, '511-874-7886'),
(13, '287-305-5042'),
(14, '236-664-0374'),
(15, '651-716-4724'),
(16, '411-200-9539'),
(17, '971-443-5174'),
(18, '691-290-4996'),
(19, '154-015-0007'),
(20, '275-129-9100'),
(21, '823-044-7519'),
(22, '790-833-8471'),
(23, '980-633-5247'),
(24, '907-461-2500'),
(25, '531-335-0698'),
(26, '884-231-0376'),
(27, '816-267-0403'),
(28, '501-126-0946'),
(29, '519-391-7179'),
(30, '116-247-6302'),
(31, '220-849-5964'),
(32, '294-554-8903'),
(33, '945-803-2276'),
(34, '829-025-4826'),
(35, '942-153-4685'),
(36, '495-365-9398'),
(37, '251-423-2871'),
(38, '251-772-3572'),
(39, '919-227-1702'),
(40, '622-454-5487'),
(41, '814-287-1368'),
(42, '850-009-4725'),
(43, '654-561-0607'),
(44, '347-784-9838'),
(45, '468-799-6069'),
(46, '361-848-5291'),
(47, '473-530-3992'),
(48, '441-269-7716'),
(49, '342-220-1794');

insert into products_in_stock(store_id, product_upc, amount)
values (1, 430648, 114),
(1, 859781, 40),
(1, 414188, 108),
(1, 937445, 28),
(1, 222445, 117),
(1, 686101, 45),
(1, 187113, 23),
(1, 919342, 148),
(1, 465382, 119),
(1, 134103, 25),
(1, 726453, 73),
(1, 778064, 140),
(1, 764268, 80),
(1, 836022, 45),
(2, 243810, 14),
(2, 425089, 82),
(2, 577868, 78),
(2, 958403, 54),
(2, 364488, 80),
(2, 246374, 98),
(2, 376709, 123),
(2, 194787, 66),
(2, 448371, 31),
(2, 964769, 135),
(2, 414188, 139),
(2, 430648, 112),
(3, 989738, 20),
(3, 286606, 31),
(3, 613431, 148),
(3, 682370, 68),
(3, 532856, 30),
(3, 836022, 7),
(3, 364488, 6),
(3, 726453, 13),
(3, 919342, 95),
(3, 376368, 139),
(3, 577868, 88),
(4, 118040, 137),
(4, 307365, 71),
(4, 142381, 81),
(4, 425089, 133),
(4, 639060, 109),
(4, 919342, 129),
(4, 846573, 13),
(4, 329223, 21),
(4, 118544, 51),
(4, 299790, 118),
(4, 604900, 7),
(4, 986504, 32),
(4, 274716, 116),
(4, 187113, 23),
(5, 848850, 7),
(6, 662708, 76),
(6, 498682, 76),
(6, 202583, 36),
(6, 484122, 136),
(6, 281651, 97),
(6, 327091, 41),
(7, 733411, 147),
(7, 741848, 37),
(7, 919342, 68),
(7, 194787, 126),
(7, 772086, 37),
(7, 577868, 18),
(7, 934033, 18),
(7, 958403, 104),
(8, 452423, 64),
(8, 494479, 132),
(8, 964769, 18),
(8, 465382, 92),
(8, 286606, 57),
(8, 329223, 118),
(8, 294907, 97),
(9, 134103, 126),
(9, 741848, 30),
(9, 577868, 125),
(9, 837349, 116),
(9, 662708, 78),
(10, 755189, 8),
(10, 964769, 93),
(10, 821885, 16),
(10, 628399, 23),
(10, 274716, 102),
(10, 162457, 34),
(10, 828848, 116),
(10, 299790, 136),
(10, 720483, 135),
(10, 986504, 148),
(10, 460717, 75),
(10, 869934, 78),
(10, 919342, 144),
(11, 628399, 94),
(11, 764268, 148),
(11, 448371, 111),
(11, 755189, 91),
(11, 846573, 40),
(11, 989738, 70),
(11, 425089, 12),
(11, 784938, 92),
(11, 726453, 115),
(11, 294907, 57),
(12, 452423, 39),
(12, 596825, 1),
(13, 639060, 127),
(13, 784938, 130),
(13, 259488, 5),
(13, 327091, 141),
(13, 999737, 105),
(13, 635086, 131),
(14, 274716, 83),
(14, 327091, 110),
(14, 848850, 55),
(14, 134103, 13),
(15, 305413, 121),
(15, 628399, 52),
(15, 364488, 26),
(16, 720483, 35),
(16, 635086, 42),
(16, 134103, 43),
(16, 639060, 37),
(16, 274716, 51),
(16, 187113, 20),
(17, 639060, 13),
(17, 927052, 138),
(17, 118544, 104),
(17, 461177, 9),
(17, 964769, 50),
(18, 596825, 79),
(18, 469549, 135),
(18, 984389, 5),
(18, 187113, 139),
(18, 958403, 37),
(18, 604900, 28),
(18, 631962, 49),
(18, 627455, 61),
(18, 581448, 53),
(18, 846573, 99),
(18, 364488, 64),
(18, 613431, 41),
(19, 964769, 84),
(19, 784938, 97),
(19, 639060, 76),
(19, 484122, 77),
(19, 581147, 19),
(19, 662708, 66),
(19, 667251, 140),
(19, 452423, 115),
(20, 686101, 97),
(20, 165109, 68),
(20, 846573, 44),
(20, 281651, 28),
(20, 299790, 112),
(20, 328623, 62),
(20, 294907, 143),
(20, 259488, 113),
(20, 934033, 42),
(20, 733411, 23),
(20, 958403, 121),
(20, 452423, 91),
(20, 927052, 46),
(21, 837349, 85),
(22, 934033, 44),
(22, 635086, 130),
(22, 118040, 144),
(22, 937445, 52),
(22, 874056, 80),
(22, 755189, 13),
(22, 919342, 5),
(22, 135160, 22),
(22, 430648, 93),
(22, 772086, 30),
(22, 989738, 124),
(22, 146353, 63),
(23, 662708, 38),
(23, 852319, 148),
(23, 414188, 109),
(23, 874056, 106),
(23, 187113, 64),
(23, 452423, 54),
(23, 631962, 54),
(23, 581147, 52),
(23, 329223, 95),
(23, 986504, 54),
(24, 307365, 32),
(24, 733411, 94),
(24, 986504, 82),
(24, 957825, 59),
(24, 596825, 73),
(24, 720483, 82),
(24, 165109, 81),
(24, 327091, 7),
(24, 286606, 101),
(24, 118040, 101),
(24, 682370, 19),
(24, 846573, 137),
(24, 452423, 150),
(25, 671588, 36),
(25, 778064, 25),
(25, 460717, 141),
(25, 937445, 128),
(25, 613431, 60),
(25, 682370, 62),
(25, 989738, 89),
(25, 430648, 121),
(25, 874056, 118),
(25, 140105, 46),
(25, 971967, 61),
(26, 957825, 36),
(26, 469549, 84),
(26, 376368, 117),
(27, 755189, 116),
(27, 194787, 94),
(27, 294907, 4),
(27, 222445, 32),
(27, 464105, 134),
(27, 964769, 111),
(27, 846573, 54),
(27, 305413, 139),
(27, 154713, 43),
(27, 852319, 38),
(28, 964769, 46),
(29, 469549, 108),
(29, 577868, 99),
(29, 671588, 121),
(29, 631962, 35),
(29, 121630, 142),
(29, 246374, 30),
(29, 635086, 97),
(29, 720483, 116),
(29, 259488, 122),
(29, 604900, 17),
(30, 581448, 16),
(30, 683595, 17),
(30, 118544, 102),
(30, 937445, 37),
(31, 999737, 112),
(31, 778064, 59),
(31, 821885, 45),
(31, 772086, 81),
(31, 162457, 90),
(31, 498682, 26),
(31, 448371, 59),
(31, 294907, 145),
(31, 986504, 66),
(31, 964769, 120),
(31, 671588, 48),
(31, 635086, 58),
(31, 464105, 111),
(32, 828848, 81),
(32, 919342, 120),
(32, 498682, 59),
(32, 327091, 91),
(32, 662708, 54),
(32, 810517, 10),
(32, 821885, 54),
(32, 246374, 130),
(32, 376368, 134),
(32, 635086, 1),
(32, 596825, 90),
(32, 460717, 99),
(32, 118040, 83),
(33, 577868, 137),
(33, 628399, 113),
(33, 741848, 133),
(33, 596825, 88),
(33, 146353, 15),
(33, 726453, 138),
(33, 460717, 31),
(33, 134103, 30),
(33, 755189, 133),
(33, 994315, 9),
(34, 733411, 35),
(35, 682370, 73),
(35, 498682, 129),
(35, 635086, 116),
(35, 764268, 12),
(36, 464105, 137),
(36, 764268, 86),
(36, 134103, 18),
(36, 934033, 79),
(36, 662708, 102),
(36, 635086, 98),
(36, 919342, 49),
(36, 118040, 32),
(36, 772086, 28),
(36, 259488, 49),
(37, 461177, 54),
(37, 118040, 102),
(37, 828848, 150),
(37, 971967, 109),
(37, 154713, 145),
(37, 414188, 137),
(37, 927052, 59),
(38, 596825, 147),
(38, 187113, 9),
(38, 577868, 14),
(39, 246374, 17),
(39, 874056, 3),
(39, 187113, 82),
(39, 281651, 65),
(39, 460717, 10),
(39, 850598, 96),
(39, 121630, 40),
(39, 604900, 22),
(39, 733411, 91),
(39, 683595, 84),
(40, 305413, 56),
(41, 755189, 43),
(41, 741848, 75),
(41, 720483, 63),
(41, 307365, 143),
(41, 596825, 49),
(41, 498682, 23),
(41, 869934, 63),
(41, 329223, 89),
(41, 202583, 141),
(42, 581147, 8),
(42, 328623, 126),
(42, 307365, 97),
(42, 135160, 43),
(42, 460717, 82),
(42, 613431, 114),
(42, 957825, 12),
(42, 465382, 127),
(42, 194787, 124),
(42, 989738, 1),
(42, 927052, 46),
(42, 683595, 96),
(42, 852319, 107),
(43, 286606, 95),
(43, 364488, 100),
(43, 581448, 38),
(44, 934033, 149),
(44, 118040, 34),
(44, 984389, 52),
(44, 971967, 91),
(44, 376368, 75),
(44, 240073, 96),
(44, 869934, 41),
(44, 852319, 117),
(44, 154713, 73),
(44, 140105, 128),
(44, 604900, 29),
(44, 135160, 41),
(45, 376368, 74),
(45, 134103, 52),
(45, 327091, 94),
(45, 305413, 52),
(45, 532856, 57),
(45, 281651, 115),
(45, 259488, 77),
(45, 986504, 77),
(46, 376368, 32),
(46, 772086, 109),
(46, 425089, 21),
(46, 135160, 83),
(46, 720483, 49),
(46, 631962, 104),
(46, 299790, 140),
(46, 118544, 20),
(46, 328623, 17),
(46, 376709, 119),
(46, 448371, 11),
(46, 784938, 57),
(46, 165109, 121),
(47, 259488, 43),
(47, 484122, 87),
(47, 146353, 107),
(47, 460717, 59),
(47, 121630, 96),
(47, 683595, 124),
(47, 934033, 144),
(47, 329223, 19),
(47, 848850, 21),
(47, 986504, 94),
(47, 142381, 7),
(47, 246374, 21),
(48, 577868, 5),
(48, 683595, 69),
(48, 452423, 143),
(48, 286606, 13),
(48, 596825, 142),
(48, 162457, 83),
(49, 202583, 118),
(49, 165109, 110),
(49, 686101, 108),
(49, 631962, 146),
(49, 937445, 88),
(49, 294907, 84),
(49, 286606, 97),
(50, 581448, 40),
(50, 683595, 9),
(50, 327091, 36),
(50, 414188, 22),
(50, 934033, 35),
(50, 243810, 143),
(51, 364488, 105),
(51, 627455, 132),
(51, 222445, 94),
(51, 994315, 123),
(51, 836022, 59),
(51, 964769, 34),
(51, 778064, 127),
(51, 134103, 62),
(51, 671588, 27),
(51, 667251, 110),
(51, 142381, 112),
(51, 294907, 72),
(51, 202583, 94),
(52, 154713, 125),
(52, 246374, 150),
(52, 919342, 118),
(53, 764268, 51),
(53, 121630, 68),
(53, 294907, 3),
(53, 837349, 116),
(53, 682370, 51),
(53, 194787, 30),
(53, 142381, 130),
(53, 464105, 60),
(54, 934033, 1),
(54, 994315, 7),
(54, 964769, 49),
(54, 294907, 79),
(55, 307365, 119),
(55, 639060, 92),
(55, 425089, 106),
(55, 469549, 99),
(55, 299790, 62),
(55, 305413, 43),
(55, 240073, 66),
(55, 971967, 99),
(55, 764268, 71),
(55, 828848, 12),
(55, 686101, 96),
(55, 376368, 66),
(55, 837349, 57),
(56, 999737, 60),
(56, 984389, 47),
(56, 810517, 63),
(56, 240073, 85),
(56, 328623, 122),
(56, 259488, 53),
(56, 778064, 98),
(56, 836022, 78),
(56, 307365, 148),
(56, 121630, 77),
(56, 464105, 45),
(56, 376368, 55),
(56, 846573, 41),
(56, 934033, 106),
(57, 846573, 40),
(57, 764268, 103),
(57, 971967, 105),
(57, 484122, 127),
(58, 532856, 104),
(58, 121630, 15),
(58, 986504, 3),
(58, 376368, 68),
(58, 720483, 119),
(58, 927052, 83),
(59, 299790, 67),
(59, 964769, 26),
(59, 755189, 134),
(60, 927052, 7),
(60, 376709, 81),
(60, 494479, 60),
(60, 142381, 85),
(60, 307365, 52),
(60, 999737, 61),
(60, 202583, 117),
(61, 958403, 46),
(61, 667251, 27),
(61, 376709, 104),
(61, 627455, 40),
(61, 532856, 67),
(61, 259488, 59),
(61, 142381, 46),
(61, 850598, 130),
(61, 469549, 106),
(61, 118544, 17),
(62, 596825, 104),
(62, 425089, 58),
(62, 243810, 74),
(62, 764268, 27),
(62, 299790, 38),
(63, 635086, 97),
(63, 327091, 31),
(63, 448371, 127),
(64, 448371, 140),
(64, 414188, 9),
(65, 240073, 110),
(65, 883575, 29),
(65, 755189, 137),
(65, 465382, 111),
(66, 927052, 104),
(66, 778064, 137),
(66, 376368, 8),
(66, 958403, 58),
(66, 846573, 22),
(66, 286606, 131),
(66, 741848, 38),
(66, 986504, 9),
(66, 142381, 39),
(66, 484122, 144),
(66, 964769, 9),
(66, 118544, 82),
(66, 919342, 65),
(66, 604900, 87),
(67, 682370, 148),
(67, 836022, 13),
(67, 741848, 145),
(67, 846573, 19),
(67, 327091, 19),
(67, 448371, 122),
(67, 784938, 126),
(67, 581448, 2),
(67, 135160, 53),
(67, 577868, 32),
(67, 927052, 10),
(67, 294907, 8),
(68, 859781, 21),
(68, 222445, 55),
(68, 850598, 86),
(68, 305413, 46),
(68, 852319, 3),
(68, 683595, 36),
(68, 464105, 141),
(69, 686101, 63),
(69, 140105, 22),
(69, 376709, 47),
(69, 376368, 134),
(69, 165109, 59),
(69, 733411, 81),
(69, 726453, 135),
(69, 628399, 70),
(69, 464105, 114),
(69, 452423, 87),
(69, 810517, 52),
(69, 274716, 103),
(70, 836022, 4),
(70, 596825, 86),
(70, 859781, 119),
(70, 683595, 63),
(71, 821885, 52),
(72, 741848, 67),
(72, 613431, 116),
(72, 810517, 57),
(72, 430648, 114),
(72, 581147, 23),
(72, 627455, 77),
(72, 448371, 80),
(72, 726453, 88),
(72, 146353, 104),
(72, 836022, 119),
(72, 994315, 86),
(72, 140105, 38),
(73, 999737, 49),
(73, 246374, 70),
(73, 937445, 102),
(73, 971967, 120),
(73, 639060, 137),
(73, 329223, 98),
(73, 957825, 118),
(73, 414188, 149),
(73, 964769, 74),
(74, 639060, 87),
(74, 376709, 120),
(74, 810517, 116),
(74, 927052, 106),
(74, 720483, 120),
(74, 726453, 42),
(74, 307365, 65),
(74, 142381, 55),
(75, 135160, 40),
(76, 627455, 123),
(76, 682370, 147),
(76, 764268, 102),
(76, 286606, 37),
(76, 772086, 116),
(77, 118544, 148),
(77, 772086, 98),
(77, 465382, 59),
(77, 460717, 42),
(77, 142381, 81),
(77, 958403, 102),
(77, 999737, 134),
(77, 498682, 75),
(77, 686101, 30),
(78, 810517, 85),
(78, 294907, 86),
(78, 498682, 8),
(78, 874056, 106),
(78, 202583, 144),
(78, 577868, 91),
(78, 299790, 3),
(78, 667251, 147),
(78, 140105, 49),
(78, 464105, 114),
(78, 364488, 21),
(78, 240073, 123),
(78, 846573, 25),
(78, 329223, 150),
(78, 286606, 51),
(79, 631962, 119),
(79, 733411, 115),
(79, 498682, 121),
(79, 869934, 118),
(79, 274716, 21),
(79, 755189, 19),
(79, 927052, 56),
(79, 464105, 46),
(79, 986504, 117),
(79, 581147, 135),
(80, 448371, 29),
(80, 364488, 20),
(81, 414188, 135),
(81, 577868, 38),
(81, 140105, 4),
(81, 994315, 89),
(81, 613431, 66),
(81, 627455, 123),
(81, 194787, 14),
(81, 828848, 42),
(81, 281651, 45),
(82, 246374, 140),
(82, 733411, 138),
(82, 281651, 7),
(82, 627455, 145),
(82, 376709, 57),
(82, 222445, 14),
(82, 821885, 68),
(82, 135160, 80),
(82, 778064, 102),
(82, 631962, 34),
(82, 989738, 148),
(82, 532856, 73),
(82, 859781, 35),
(82, 984389, 101),
(83, 828848, 94),
(83, 919342, 106),
(83, 187113, 147),
(83, 294907, 45),
(83, 883575, 147),
(83, 683595, 123),
(83, 846573, 107),
(84, 452423, 137),
(84, 999737, 39),
(84, 134103, 42),
(84, 937445, 28),
(84, 741848, 57),
(84, 836022, 22),
(84, 194787, 80),
(84, 581448, 137),
(84, 850598, 61),
(84, 286606, 62),
(84, 274716, 133),
(84, 596825, 54),
(84, 146353, 44),
(85, 327091, 98),
(85, 810517, 131),
(85, 299790, 15),
(85, 494479, 124),
(85, 999737, 71),
(86, 154713, 25),
(86, 465382, 131),
(86, 307365, 116),
(86, 919342, 28),
(87, 305413, 65),
(87, 859781, 46),
(88, 307365, 48),
(88, 154713, 97),
(88, 430648, 49),
(88, 741848, 6),
(88, 414188, 7),
(88, 957825, 90),
(88, 726453, 106),
(88, 778064, 137),
(88, 532856, 9),
(88, 927052, 26),
(89, 134103, 63),
(89, 772086, 150),
(89, 667251, 52),
(90, 307365, 66),
(90, 286606, 27),
(90, 118040, 77),
(91, 810517, 4),
(91, 118040, 54),
(91, 639060, 136),
(91, 498682, 50),
(91, 460717, 42),
(91, 628399, 113),
(91, 135160, 12),
(91, 772086, 89),
(91, 883575, 123),
(92, 859781, 97),
(92, 240073, 7),
(92, 989738, 43),
(92, 927052, 70),
(92, 581147, 141),
(92, 484122, 19),
(93, 328623, 76),
(93, 246374, 112),
(93, 772086, 120),
(93, 329223, 59),
(93, 733411, 104),
(93, 934033, 43),
(93, 627455, 10),
(93, 671588, 135),
(93, 846573, 5),
(93, 859781, 72),
(94, 281651, 50),
(94, 135160, 86),
(94, 683595, 139),
(94, 259488, 113),
(94, 848850, 119),
(95, 778064, 18),
(95, 846573, 110),
(95, 984389, 110),
(95, 883575, 57),
(95, 581147, 97),
(95, 957825, 135),
(95, 274716, 127),
(95, 134103, 133),
(95, 299790, 57),
(95, 448371, 53),
(95, 733411, 145),
(96, 142381, 38),
(96, 118040, 137),
(96, 604900, 134),
(96, 764268, 5),
(96, 958403, 86),
(96, 671588, 141),
(96, 613431, 113),
(96, 202583, 14),
(96, 971967, 68),
(96, 662708, 42),
(96, 639060, 127),
(96, 778064, 9),
(97, 328623, 106),
(97, 460717, 67),
(97, 628399, 144),
(97, 784938, 97),
(97, 430648, 143),
(98, 810517, 43),
(98, 494479, 150),
(98, 498682, 5),
(98, 604900, 94),
(98, 307365, 140),
(98, 281651, 105),
(98, 259488, 82),
(98, 631962, 35),
(98, 984389, 53),
(99, 859781, 76),
(99, 919342, 138),
(99, 937445, 80),
(99, 874056, 1),
(99, 146353, 56),
(99, 741848, 146),
(99, 778064, 5),
(99, 957825, 16),
(99, 869934, 101);

insert into product_type(type_id, type_name, product_upc)
values (1, 'Biscuits', 924618),
(2, 'Cheeses', 613431),
(3, 'milk', 328623),
(4, 'Biscuits', 294907),
(5, 'Confect', 810517),
(6, 'Meats', 187113),
(7, 'Biscuits', 465382),
(8, 'Miscel', 662708),
(9, 'Cakes', 494479),
(10, 'Popcorn', 919342),
(11, 'Crackers', 784938),
(12, 'Cakes', 118544),
(13, 'milk', 726453),
(14, 'Pickles', 720483),
(15, 'Egg', 286606),
(16, 'Nutritional', 934033),
(17, 'Confect', 464105),
(18, 'Oils', 484122),
(19, 'milk', 671588),
(20, 'Snack', 376709),
(21, 'Meats', 821885),
(22, 'Condiments', 118040),
(23, 'Frozen', 135160),
(24, 'Ice cream', 327091),
(25, 'Egg', 852319),
(26, 'Cakes', 772086),
(27, 'Spreads', 958403),
(28, 'Frozen', 246374),
(29, 'Seafood', 146353),
(30, 'Seafood', 305413),
(31, 'Soy', 281651),
(32, 'Egg', 222445),
(33, 'Canned', 846573),
(34, 'Crackers', 848850),
(35, 'Sauces', 461177),
(36, 'Canned', 741848),
(37, 'Soy', 639060),
(38, 'Crackers', 274716),
(39, 'Seafood', 837349),
(40, 'Crackers', 498682),
(41, 'milk', 828848),
(42, 'Chips', 460717),
(43, 'Popcorn', 971967),
(44, 'Spreads', 299790),
(45, 'Biscuits', 937445),
(46, 'Yeast', 686101),
(47, 'Snack', 162457),
(48, 'Dairy products', 631962),
(49, 'Condiments', 202583),
(50, 'Sauces', 140105),
(51, 'Meats', 850598),
(52, 'Soup', 243810),
(53, 'Soy', 984389),
(54, 'Beverages', 165109),
(55, 'Sauces', 627455),
(56, 'Cheeses', 364488),
(57, 'Cakes', 635086),
(58, 'Meats', 425089),
(59, 'Yeast', 667251),
(60, 'Seafood', 778064),
(61, 'milk', 307365),
(62, 'Nutritional', 430648),
(63, 'Cheeses', 755189),
(64, 'Popcorn', 994315),
(65, 'Cheeses', 859781),
(66, 'Snack', 986504),
(67, 'Ice cream', 883575),
(68, 'Biscuits', 452423),
(69, 'Meats', 448371),
(70, 'Yeast', 764268),
(71, 'Chips', 964769),
(72, 'Yeast', 376368),
(73, 'Dairy products', 240073),
(74, 'Nutritional', 683595),
(75, 'Frozen', 869934),
(76, 'Popcorn', 329223),
(77, 'Nutritional', 874056),
(78, 'Meats', 989738),
(79, 'Catering', 733411),
(80, 'Nutritional', 414188),
(81, 'Canned', 469549),
(82, 'Sauces', 142381),
(83, 'Soy', 604900),
(84, 'milk', 596825),
(85, 'milk', 532856),
(86, 'Cheeses', 259488),
(87, 'Popcorn', 121630),
(88, 'Seafood', 577868),
(89, 'Spreads', 628399),
(90, 'Cakes', 999737),
(91, 'Chips', 194787),
(92, 'Sauces', 581147),
(93, 'Yeast', 581448),
(94, 'Crackers', 927052),
(95, 'Soup', 682370),
(96, 'Pickles', 154713),
(97, 'Frozen', 957825),
(98, 'milk', 134103);

insert into vendors(vendor_id, vendor_name, brand_id, store_id)
values (1, 'Shield Vendor', 48, 13),
(2, 'Vendor Patriot', 21, 82),
(3, 'WildWest Vendor', 5, 63),
(4, 'Snipe Vendor', 6, 33),
(5, 'Vendor Shoot', 45, 66),
(6, 'Vendor Gurus', 7, 32),
(7, 'Sense Vendor', 5, 88),
(8, 'Mantis Vendor', 37, 77),
(9, 'Double Vendor', 39, 37),
(10, 'Need Vendor', 35, 73),
(11, 'Tunnel Vendor', 33, 46),
(12, 'Gemstone Vendor', 24, 86),
(13, 'FarEast Vendor', 14, 95),
(14, 'Vendor Fiesta', 18, 34),
(15, 'Smash Vendor', 4, 64),
(16, 'Vendor Instant', 40, 78),
(17, 'Electric Vendor', 47, 27),
(18, 'Eastern Vendor', 35, 69),
(19, 'Ensemble Vendor', 12, 99),
(20, 'Wonder Vendor', 14, 33),
(21, 'Expand Vendor', 2, 92),
(22, 'Ranch Vendor', 31, 88),
(23, 'PowerPlay Vendor', 22, 56),
(24, 'Sparkle Vendor', 14, 56),
(25, 'Inventive Vendor', 4, 7),
(26, 'Vendor Millions', 8, 78),
(27, 'Vendor Runner', 25, 48),
(28, 'Vendor Guides', 29, 83),
(29, 'Vendor Adviser', 10, 31),
(30, 'Vendor Matrix', 17, 80),
(31, 'Fox Vendor', 30, 35),
(32, 'Vendor Gadget', 23, 36),
(33, 'DreamTeam Vendor', 43, 70),
(34, 'Acclaim Vendor', 8, 29),
(35, 'Sun Vendor', 2, 80),
(36, 'Margarita Vendor', 30, 23),
(37, 'Agora Vendor', 3, 27),
(38, 'Proteus Vendor', 29, 79),
(39, 'Gridiron Vendor', 39, 78),
(40, 'Vendor Accessories', 28, 77),
(41, 'Vendor Bright', 41, 78),
(42, 'Respect Vendor', 45, 29),
(43, 'Vendor Strategies', 23, 56),
(44, 'Vendor Dollars', 22, 71),
(45, 'Expedite Vendor', 1, 56),
(46, 'Vendor Leadership', 24, 44),
(47, 'Evolve Vendor', 30, 95),
(48, 'Reservoir Vendor', 41, 34),
(49, 'Vendor Unity', 40, 69),
(50, 'Vendor Wiz', 12, 73),
(51, 'BlueSky Vendor', 30, 67),
(52, 'Vendor Deals', 2, 81),
(53, 'Vendor Hook', 24, 97),
(54, 'Vendor OnDemand', 11, 40),
(55, 'Vendor Code', 33, 4),
(56, 'Financial Vendor', 13, 28),
(57, 'Vendor Selection', 37, 65),
(58, 'Vendor Everest', 14, 72),
(59, 'LiveWire Vendo', 20, 12);

insert into frequent_customer(customer_id, date_of_birth, bonus_card_upc)
values (1, '1992-12-02', 61961196),
(2, '1962-02-08', 72999491),
(3, '1986-01-07', 65161429),
(4, '1962-05-25', 43965373),
(5, '1960-07-06', 16662601),
(6, '1969-12-15', 35650249),
(7, '1985-07-22', 12432264),
(8, '1973-08-21', 59867611),
(9, '1996-02-07', 91105978),
(10, '1981-01-05', 58385536),
(11, '1984-12-08', 89624610),
(12, '1976-02-29', 93266834),
(13, '1971-12-09', 36931454),
(14, '1975-07-06', 98669572),
(15, '1962-09-08', 45821388),
(16, '1978-07-13', 30950631),
(17, '1970-10-03', 33934566),
(18, '1961-02-07', 62369993),
(19, '1961-05-23', 17892324),
(20, '1975-06-02', 38614083);

insert into online_customer(id, city, street_name, street_num, app_num, email)
values (1, 'Nur-Sultan', 'Nurghisa', 124, 97, 'TomirisTasbulatova@kbtu.kz'),
(2, 'Oskemen', 'Qazybek', 154, 329, 'AizhanKuanyshova@kbtu.kz'),
(3, 'Almaty', 'Abay', 91, 348, 'AsemIbrasheva@kbtu.kz'),
(4, 'Almaty', 'Satpaev', 145, 251, 'NurkanatShulenbai@kbtu.kz'),
(5, 'Shymkent', 'Baidybek', 163, 195, 'DanagulKadyrgali@kbtu.kz'),
(6, 'Oskemen', 'Tolstoi', 109, 347, 'RakhatTleuberdiev@kbtu.kz'),
(7, 'Atyrau', 'Sultan', 149, 312, 'TemirlanAkhmetkan@kbtu.kz'),
(8, 'Shymkent', 'Torequlov', 146, 67, 'AyagozKulynbetova@kbtu.kz'),
(9, 'Almaty', 'Satpaev', 103, 13, 'AsetSerik@kbtu.kz'),
(10, 'Nur-Sultan', 'Aqan Seri', 136, 145, 'NurbolZhetpisbai@kbtu.kz'),
(11, 'Nur-Sultan', 'Oqzhetpes', 9, 14, 'DilnazUalelova@kbtu.kz'),
(12, 'Almaty', 'Abay', 109, 76, 'ZhanbibiKurmanbaeva@kbtu.kz'),
(13, 'Nur-Sultan', 'Aqan Seri', 72, 317, 'AkzhibekTashen@kbtu.kz'),
(14, 'Shymkent', 'Baidybek', 43, 303, 'MoldirAkhmetova@kbtu.kz'),
(15, 'Nur-Sultan', 'Aqan Seri', 152, 320, 'GulnurKozhamzharova@kbtu.kz'),
(16, 'Shymkent', 'Baidybek', 111, 32, 'AinabekOnaev@kbtu.kz'),
(17, 'Almaty', 'Abylay', 111, 344, 'RaiymbekBaktybaev@kbtu.kz'),
(18, 'Almaty', 'Sairan', 77, 313, 'RustamAlpysbaev@kbtu.kz'),
(19, 'Shymkent', 'Alimbetova', 1, 290, 'AluaKenzhebaeva@kbtu.kz'),
(20, 'Nur-Sultan', 'Oqzhetpes', 16, 40, 'OlzhasSadykov@kbtu.kz'),
(21, 'Oskemen', 'Qazybek', 156, 18, 'GulkhaeIsmoilova@kbtu.kz'),
(22, 'Shymkent', 'Baidybek', 20, 329, 'AlinaAkberdieva@kbtu.kz'),
(23, 'Shymkent', 'Ryleyev', 120, 335, 'EleonoraKubasheva@kbtu.kz'),
(24, 'Oskemen', 'Qabanbay', 149, 1, 'DianaTleubek@kbtu.kz'),
(25, 'Nur-Sultan', 'Nurghisa', 83, 128, 'ErnurSeiit@kbtu.kz'),
(26, 'Shymkent', 'Torequlov', 161, 285, 'VladimirKan@kbtu.kz'),
(27, 'Nur-Sultan', 'Abat-Baytaq', 8, 341, 'TakezhanRymbekov@kbtu.kz'),
(28, 'Oskemen', 'Qazybek', 110, 35, 'DinmukhammedTleuzhanuly@kbtu.kz'),
(29, 'Almaty', 'Abylay', 83, 235, 'DarinaTurusheva@kbtu.kz'),
(30, 'Almaty', 'Sairan', 109, 126, 'AmirzhanTanbaev@kbtu.kz'),
(31, 'Oskemen', 'Qabanbay', 31, 271, 'DamirErzhigitov@kbtu.kz'),
(32, 'Almaty', 'Abay', 83, 173, 'MadiyarSuleimen@kbtu.kz'),
(33, 'Shymkent', 'Alimbetova', 95, 251, 'AzamatMalikov@kbtu.kz'),
(34, 'Oskemen', 'Tolstoi', 129, 162, 'DilnazDyusenbaeva@kbtu.kz'),
(35, 'Shymkent', 'Torequlov', 69, 82, 'AlikhanAskarbekov@kbtu.kz'),
(36, 'Atyrau', 'Zhuldyz', 45, 240, 'ArmanTurebekov@kbtu.kz'),
(37, 'Nur-Sultan', 'Oqzhetpes', 136, 98, 'AizadaBeisengalieva@kbtu.kz'),
(38, 'Atyrau', 'Isatay', 38, 54, 'ZhannaNaimanova@kbtu.kz'),
(39, 'Oskemen', 'Qabanbay', 146, 300, 'NuraiymNetullina@kbtu.kz'),
(40, 'Nur-Sultan', 'Oqzhetpes', 52, 54, 'AskarbekOspan@kbtu.kz');

insert into payments(payment_id, customer_id, sum, payment_type, store_id, date_of_payment)
values (1, 36, 34217, 'cash', 49, '2021-02-27'),
(2, 4, 43514, 'cart', 48, '2021-07-15'),
(3, 25, 42033, 'cash', 78, '2020-05-17'),
(4, 20, 16019, 'cart', 39, '2020-06-19'),
(5, 6, 47500, 'cart', 93, '2019-02-05'),
(6, 43, 30588, 'cart', 69, '2020-10-13'),
(7, 38, 43712, 'cash', 55, '2019-05-20'),
(8, 49, 45486, 'cash', 41, '2020-06-17'),
(9, 40, 280, 'cash', 29, '2021-06-13'),
(10, 44, 6603, 'cash', 81, '2019-12-02'),
(11, 50, 12161, 'cash', 68, '2020-09-18'),
(12, 22, 38658, 'cash', 11, '2019-07-13'),
(13, 34, 44960, 'cash', 64, '2020-06-21'),
(14, 45, 37874, 'cart', 41, '2021-07-28'),
(15, 5, 11098, 'cash', 74, '2019-04-17'),
(16, 36, 7728, 'cart', 86, '2020-12-02'),
(17, 30, 750, 'cash', 51, '2019-10-04'),
(18, 47, 28358, 'cash', 61, '2020-12-20'),
(19, 42, 38117, 'cash', 91, '2021-11-09'),
(20, 37, 36193, 'cash', 71, '2021-03-09'),
(21, 13, 23156, 'cash', 85, '2019-03-13'),
(22, 21, 36876, 'cart', 23, '2019-01-12'),
(23, 11, 22708, 'cash', 17, '2021-04-21'),
(24, 1, 42701, 'cart', 93, '2019-06-19'),
(25, 12, 9883, 'cart', 63, '2021-04-06'),
(26, 23, 40723, 'cart', 11, '2019-10-06'),
(27, 41, 40332, 'cart', 35, '2019-04-15'),
(28, 22, 8241, 'cart', 75, '2019-02-02'),
(29, 27, 32006, 'cash', 16, '2019-10-06'),
(30, 27, 33859, 'cash', 11, '2020-02-17'),
(31, 29, 3582, 'cash', 3, '2019-08-21'),
(32, 17, 48754, 'cash', 34, '2021-01-06'),
(33, 3, 25497, 'cart', 24, '2020-05-03'),
(34, 43, 18277, 'cart', 56, '2019-08-18'),
(35, 48, 26379, 'cash', 19, '2021-05-28'),
(36, 1, 32212, 'cash', 53, '2019-12-24'),
(37, 39, 17611, 'cart', 56, '2020-09-24'),
(38, 34, 24945, 'cart', 37, '2021-04-03'),
(39, 26, 47561, 'cash', 88, '2020-01-07'),
(40, 40, 47943, 'cash', 61, '2021-10-07'),
(41, 22, 10262, 'cart', 25, '2021-04-10'),
(42, 36, 17683, 'cash', 53, '2019-01-19'),
(43, 28, 8000, 'cash', 2, '2020-03-05'),
(44, 29, 38405, 'cart', 30, '2020-12-14'),
(45, 13, 36896, 'cash', 46, '2021-10-09'),
(46, 42, 11695, 'cart', 35, '2020-12-14'),
(47, 33, 28006, 'cart', 92, '2020-10-09'),
(48, 15, 34969, 'cart', 65, '2021-03-19'),
(49, 19, 7119, 'cart', 71, '2020-01-13'),
(50, 22, 25306, 'cart', 52, '2019-02-14'),
(51, 44, 12052, 'cash', 97, '2020-07-26'),
(52, 33, 17373, 'cart', 4, '2021-11-02'),
(53, 16, 17494, 'cash', 8, '2019-06-15'),
(54, 27, 1925, 'cash', 38, '2021-07-29'),
(55, 5, 33212, 'cash', 75, '2019-12-12'),
(56, 41, 26398, 'cash', 52, '2020-05-15'),
(57, 42, 19295, 'cash', 5, '2019-12-11'),
(58, 13, 9784, 'cart', 90, '2019-07-23'),
(59, 30, 3782, 'cash', 39, '2021-06-21'),
(60, 25, 5719, 'cash', 75, '2020-02-26'),
(61, 32, 47652, 'cart', 90, '2020-07-27'),
(62, 30, 49452, 'cash', 74, '2021-07-07'),
(63, 35, 17791, 'cart', 41, '2020-04-01'),
(64, 28, 13414, 'cash', 17, '2020-07-17'),
(65, 14, 39675, 'cash', 62, '2019-12-29'),
(66, 10, 12045, 'cash', 98, '2020-06-19'),
(67, 27, 34486, 'cart', 90, '2021-07-19'),
(68, 38, 13571, 'cart', 48, '2020-06-22'),
(69, 17, 15455, 'cart', 60, '2020-01-01'),
(70, 45, 47711, 'cash', 98, '2020-06-09'),
(71, 17, 1651, 'cart', 80, '2020-05-26'),
(72, 27, 7862, 'cash', 72, '2020-03-05'),
(73, 16, 35992, 'cash', 83, '2021-03-12'),
(74, 14, 5319, 'cash', 5, '2020-03-16'),
(75, 6, 35249, 'cash', 58, '2021-01-18'),
(76, 35, 37355, 'cash', 23, '2021-02-17'),
(77, 2, 15427, 'cart', 24, '2019-07-07'),
(78, 1, 44896, 'cash', 80, '2021-05-12'),
(79, 49, 10034, 'cash', 60, '2020-05-21'),
(80, 41, 30930, 'cart', 15, '2021-05-28'),
(81, 42, 4367, 'cash', 75, '2020-05-15'),
(82, 34, 5486, 'cart', 44, '2021-04-13'),
(83, 29, 17727, 'cash', 54, '2020-01-26'),
(84, 38, 8539, 'cash', 38, '2019-07-21'),
(85, 17, 4762, 'cart', 33, '2020-05-02'),
(86, 2, 19812, 'cash', 24, '2020-04-01'),
(87, 10, 19713, 'cart', 15, '2019-04-18'),
(88, 6, 14132, 'cart', 93, '2021-11-26'),
(89, 47, 9743, 'cash', 81, '2020-02-22'),
(90, 36, 49413, 'cart', 17, '2021-08-14'),
(91, 46, 26866, 'cash', 84, '2021-07-17'),
(92, 20, 4640, 'cash', 89, '2020-06-08'),
(93, 18, 23005, 'cart', 62, '2020-01-16'),
(94, 11, 11571, 'cash', 27, '2019-06-28'),
(95, 6, 26739, 'cart', 68, '2019-07-12'),
(96, 35, 1414, 'cart', 35, '2021-07-03'),
(97, 38, 24065, 'cart', 36, '2020-02-09'),
(98, 41, 4054, 'cash', 26, '2019-05-03'),
(99, 18, 12013, 'cash', 56, '2020-06-02'),
(100, 18, 37032, 'cart', 7, '2019-03-22'),
(101, 42, 39101, 'cart', 55, '2021-09-10'),
(102, 47, 47910, 'cart', 59, '2020-05-11'),
(103, 16, 45500, 'cart', 1, '2021-12-17'),
(104, 25, 7003, 'cart', 28, '2019-01-16'),
(105, 12, 36812, 'cart', 12, '2021-09-22'),
(106, 38, 30893, 'cart', 5, '2021-04-28'),
(107, 15, 8171, 'cash', 64, '2021-09-10'),
(108, 33, 15253, 'cart', 50, '2019-03-13'),
(109, 37, 39031, 'cart', 81, '2021-10-05'),
(110, 27, 24045, 'cash', 78, '2020-01-14'),
(111, 44, 42240, 'cart', 61, '2020-02-17'),
(112, 48, 20820, 'cash', 65, '2020-12-29'),
(113, 3, 15137, 'cart', 23, '2021-06-05'),
(114, 38, 35579, 'cash', 42, '2019-05-05'),
(115, 19, 35816, 'cash', 43, '2019-07-19'),
(116, 27, 2141, 'cash', 10, '2019-04-14'),
(117, 32, 38315, 'cash', 9, '2019-09-14'),
(118, 42, 44162, 'cart', 72, '2021-11-26'),
(119, 18, 26076, 'cash', 16, '2021-11-16'),
(120, 15, 21524, 'cash', 22, '2020-03-15'),
(121, 36, 40736, 'cart', 14, '2019-12-29'),
(122, 41, 31505, 'cart', 42, '2019-11-23'),
(123, 19, 40584, 'cart', 92, '2021-09-24'),
(124, 16, 1564, 'cash', 48, '2020-10-17'),
(125, 2, 3307, 'cash', 37, '2021-10-13'),
(126, 37, 27735, 'cart', 85, '2020-06-27'),
(127, 28, 38729, 'cash', 42, '2019-08-21'),
(128, 45, 33279, 'cart', 31, '2019-12-22'),
(129, 45, 45645, 'cash', 79, '2019-07-02'),
(130, 7, 26866, 'cash', 52, '2021-07-27'),
(131, 22, 37262, 'cash', 11, '2020-08-08'),
(132, 24, 46200, 'cash', 73, '2019-05-21'),
(133, 6, 14196, 'cart', 21, '2019-09-03'),
(134, 31, 23074, 'cart', 39, '2019-07-15'),
(135, 37, 24704, 'cart', 39, '2020-02-16'),
(136, 40, 4229, 'cash', 37, '2019-02-28'),
(137, 39, 33008, 'cash', 20, '2019-07-13'),
(138, 19, 4717, 'cash', 89, '2021-02-14'),
(139, 19, 26242, 'cash', 29, '2020-03-22'),
(140, 22, 21983, 'cart', 66, '2021-01-19'),
(141, 23, 42885, 'cart', 4, '2021-11-25'),
(142, 15, 7952, 'cart', 89, '2020-02-29'),
(143, 7, 40461, 'cart', 53, '2021-05-25'),
(144, 6, 27541, 'cash', 49, '2020-10-29'),
(145, 23, 44023, 'cart', 35, '2020-09-16'),
(146, 19, 38046, 'cart', 79, '2020-09-20'),
(147, 43, 9703, 'cash', 51, '2021-02-06'),
(148, 3, 27732, 'cart', 19, '2019-08-29'),
(149, 12, 19559, 'cash', 21, '2021-03-04'),
(150, 9, 25138, 'cart', 97, '2019-05-09'),
(151, 27, 22159, 'cart', 74, '2020-11-28'),
(152, 49, 46005, 'cash', 15, '2020-07-27'),
(153, 31, 3506, 'cash', 97, '2020-05-12'),
(154, 48, 8695, 'cart', 33, '2019-07-19'),
(155, 37, 40074, 'cash', 69, '2019-06-23'),
(156, 12, 2224, 'cash', 6, '2021-12-11'),
(157, 42, 47415, 'cash', 83, '2020-08-03'),
(158, 39, 37948, 'cash', 61, '2021-12-04'),
(159, 46, 10378, 'cash', 31, '2019-11-24'),
(160, 38, 22346, 'cart', 9, '2020-04-27'),
(161, 15, 32160, 'cart', 65, '2020-09-12'),
(162, 3, 14436, 'cart', 34, '2020-07-03'),
(163, 6, 13683, 'cash', 55, '2021-06-08'),
(164, 14, 28146, 'cash', 32, '2021-07-23'),
(165, 19, 19561, 'cart', 70, '2019-03-12'),
(166, 18, 39573, 'cart', 72, '2020-04-07'),
(167, 18, 33409, 'cart', 79, '2021-09-19'),
(168, 43, 19821, 'cash', 6, '2021-01-18'),
(169, 12, 14476, 'cash', 38, '2020-04-01'),
(170, 20, 25302, 'cart', 69, '2019-09-12'),
(171, 4, 41573, 'cash', 44, '2021-06-11'),
(172, 2, 549, 'cart', 78, '2020-03-13'),
(173, 32, 49601, 'cart', 50, '2019-06-01'),
(174, 2, 27862, 'cash', 21, '2021-09-15'),
(175, 16, 2177, 'cart', 40, '2020-11-27'),
(176, 46, 28044, 'cart', 82, '2020-02-07'),
(177, 13, 36445, 'cart', 32, '2021-05-02'),
(178, 26, 1239, 'cash', 82, '2019-05-11'),
(179, 42, 25255, 'cash', 89, '2020-10-15'),
(180, 10, 16735, 'cart', 59, '2019-10-10'),
(181, 25, 23834, 'cart', 28, '2020-11-17'),
(182, 26, 22715, 'cart', 2, '2021-01-09'),
(183, 20, 24489, 'cart', 83, '2020-05-27'),
(184, 28, 9673, 'cart', 40, '2021-01-04'),
(185, 45, 4938, 'cart', 90, '2021-01-21'),
(186, 29, 25585, 'cash', 51, '2019-08-25'),
(187, 25, 42715, 'cash', 53, '2019-11-29'),
(188, 50, 6258, 'cash', 64, '2020-11-28'),
(189, 35, 48610, 'cash', 49, '2021-02-15'),
(190, 47, 48396, 'cart', 49, '2019-02-27'),
(191, 47, 18101, 'cash', 99, '2020-03-08'),
(192, 44, 45970, 'cash', 89, '2020-03-01'),
(193, 27, 33337, 'cart', 58, '2020-02-27'),
(194, 9, 3235, 'cart', 1, '2021-11-23'),
(195, 5, 19835, 'cash', 62, '2021-05-21'),
(196, 43, 24789, 'cart', 33, '2020-06-21'),
(197, 10, 46738, 'cash', 2, '2019-08-10'),
(198, 36, 45315, 'cart', 75, '2021-03-15'),
(199, 23, 40179, 'cash', 68, '2019-04-04'),
(200, 31, 40353, 'cart', 65, '2021-11-27');

insert into cart(id, product_upc, id_payment, amount)
values (1, 294907, 120, 9),
(2, 836022, 26, 9),
(3, 376368, 142, 10),
(4, 778064, 143, 5),
(5, 667251, 20, 4),
(6, 461177, 94, 8),
(7, 259488, 82, 10),
(8, 329223, 183, 5),
(9, 883575, 153, 3),
(10, 202583, 95, 1),
(11, 964769, 67, 4),
(12, 240073, 65, 7),
(13, 305413, 86, 10),
(14, 154713, 177, 1),
(15, 376368, 74, 7),
(16, 635086, 196, 2),
(17, 639060, 121, 8),
(18, 140105, 194, 5),
(19, 121630, 54, 5),
(20, 222445, 188, 2),
(21, 971967, 196, 1),
(22, 999737, 104, 6),
(23, 604900, 3, 8),
(24, 146353, 127, 6),
(25, 604900, 189, 6),
(26, 924618, 21, 3),
(27, 194787, 169, 2),
(28, 755189, 5, 5),
(29, 628399, 108, 8),
(30, 286606, 19, 5),
(31, 376368, 145, 9),
(32, 532856, 49, 6),
(33, 627455, 197, 6),
(34, 146353, 80, 4),
(35, 994315, 175, 9),
(36, 919342, 77, 8),
(37, 924618, 130, 8),
(38, 989738, 142, 3),
(39, 986504, 48, 2),
(40, 627455, 180, 10),
(41, 999737, 149, 4),
(42, 281651, 85, 8),
(43, 165109, 62, 1),
(44, 286606, 168, 6),
(45, 118040, 194, 3),
(46, 465382, 47, 6),
(47, 999737, 74, 3),
(48, 837349, 60, 3),
(49, 240073, 134, 2),
(50, 581448, 197, 3),
(51, 281651, 56, 6),
(52, 430648, 179, 5),
(53, 883575, 138, 1),
(54, 613431, 162, 2),
(55, 286606, 105, 6),
(56, 498682, 136, 4),
(57, 464105, 26, 7),
(58, 146353, 33, 2),
(59, 134103, 20, 1),
(60, 596825, 38, 10),
(61, 848850, 4, 2),
(62, 874056, 121, 4),
(63, 957825, 180, 8),
(64, 662708, 57, 2),
(65, 581448, 40, 5),
(66, 305413, 53, 1),
(67, 999737, 176, 9),
(68, 134103, 4, 7),
(69, 883575, 83, 10),
(70, 635086, 133, 7),
(71, 222445, 11, 7),
(72, 461177, 117, 2),
(73, 376709, 122, 10),
(74, 628399, 148, 9),
(75, 118544, 151, 4),
(76, 596825, 188, 8),
(77, 957825, 101, 3),
(78, 464105, 152, 10),
(79, 828848, 146, 4),
(80, 498682, 31, 9),
(81, 154713, 50, 7),
(82, 430648, 61, 10),
(83, 837349, 56, 1),
(84, 924618, 183, 5),
(85, 294907, 124, 9),
(86, 662708, 4, 1),
(87, 883575, 43, 9),
(88, 162457, 86, 1),
(89, 448371, 28, 6),
(90, 494479, 145, 1),
(91, 430648, 200, 8),
(92, 741848, 6, 3),
(93, 194787, 40, 4),
(94, 821885, 162, 5),
(95, 828848, 41, 8),
(96, 883575, 200, 3),
(97, 628399, 37, 4),
(98, 627455, 67, 9),
(99, 631962, 51, 5),
(100, 134103, 140, 7),
(101, 671588, 155, 9),
(102, 577868, 21, 9),
(103, 577868, 167, 5),
(104, 581147, 26, 3),
(105, 327091, 1, 3),
(106, 299790, 187, 6),
(107, 850598, 120, 1),
(108, 837349, 174, 3),
(109, 964769, 167, 9),
(110, 430648, 175, 5),
(111, 165109, 30, 4),
(112, 146353, 188, 5),
(113, 329223, 146, 9),
(114, 596825, 86, 5),
(115, 937445, 88, 7),
(116, 836022, 200, 5),
(117, 494479, 16, 6),
(118, 919342, 113, 6),
(119, 934033, 121, 7),
(120, 958403, 151, 3),
(121, 810517, 67, 10),
(122, 741848, 33, 1),
(123, 452423, 102, 6),
(124, 874056, 92, 4),
(125, 187113, 178, 3),
(126, 631962, 134, 8),
(127, 755189, 99, 4),
(128, 142381, 59, 10),
(129, 772086, 193, 7),
(130, 305413, 31, 8),
(131, 671588, 14, 4),
(132, 327091, 189, 3),
(133, 165109, 13, 1),
(134, 376709, 13, 2),
(135, 118544, 5, 8),
(136, 281651, 182, 10),
(137, 869934, 149, 4),
(138, 414188, 84, 10),
(139, 994315, 51, 1),
(140, 294907, 90, 2),
(141, 202583, 72, 7),
(142, 240073, 24, 2),
(143, 937445, 171, 4),
(144, 484122, 61, 3),
(145, 720483, 68, 7),
(146, 635086, 150, 10),
(147, 837349, 144, 3),
(148, 154713, 182, 3),
(149, 869934, 98, 2),
(150, 328623, 17, 4),
(151, 328623, 80, 4),
(152, 484122, 29, 8),
(153, 162457, 101, 7),
(154, 222445, 140, 10),
(155, 452423, 187, 6),
(156, 142381, 88, 1),
(157, 134103, 159, 6),
(158, 778064, 101, 2),
(159, 957825, 94, 9),
(160, 682370, 155, 2),
(161, 934033, 41, 2),
(162, 448371, 162, 3),
(163, 596825, 98, 4),
(164, 850598, 147, 5),
(165, 989738, 42, 10),
(166, 118040, 143, 4),
(167, 836022, 149, 3),
(168, 299790, 74, 10),
(169, 604900, 113, 2),
(170, 627455, 57, 9),
(171, 686101, 78, 10),
(172, 452423, 192, 5),
(173, 469549, 44, 2),
(174, 329223, 190, 2),
(175, 837349, 52, 8),
(176, 720483, 22, 6),
(177, 286606, 102, 5),
(178, 924618, 118, 8),
(179, 281651, 69, 2),
(180, 683595, 43, 4),
(181, 240073, 164, 2),
(182, 733411, 34, 7),
(183, 635086, 46, 3),
(184, 484122, 154, 2),
(185, 836022, 192, 10),
(186, 924618, 117, 1),
(187, 726453, 92, 2),
(188, 927052, 59, 9),
(189, 958403, 73, 4),
(190, 307365, 78, 3),
(191, 142381, 38, 3),
(192, 778064, 179, 1),
(193, 448371, 158, 3),
(194, 927052, 141, 4),
(195, 883575, 140, 7),
(196, 118040, 97, 10),
(197, 784938, 169, 7),
(198, 682370, 168, 2),
(199, 498682, 79, 6),
(200, 135160, 9, 2),
(201, 662708, 166, 1),
(202, 682370, 5, 9),
(203, 464105, 104, 4),
(204, 667251, 116, 9),
(205, 924618, 71, 9),
(206, 937445, 56, 7),
(207, 846573, 155, 8),
(208, 682370, 116, 1),
(209, 596825, 1, 5),
(210, 682370, 193, 2),
(211, 494479, 159, 4),
(212, 883575, 74, 4),
(213, 984389, 103, 4),
(214, 146353, 198, 4),
(215, 784938, 184, 5),
(216, 821885, 3, 7),
(217, 784938, 73, 9),
(218, 686101, 148, 9),
(219, 837349, 81, 2),
(220, 772086, 84, 6),
(221, 305413, 147, 5),
(222, 837349, 118, 7),
(223, 957825, 12, 4),
(224, 328623, 182, 6),
(225, 294907, 14, 5),
(226, 465382, 155, 2),
(227, 121630, 63, 6),
(228, 639060, 174, 3),
(229, 327091, 125, 6),
(230, 581147, 11, 1),
(231, 726453, 143, 10),
(232, 924618, 30, 4),
(233, 964769, 152, 6),
(234, 934033, 38, 3),
(235, 243810, 39, 3),
(236, 121630, 183, 2),
(237, 498682, 155, 5),
(238, 837349, 93, 7),
(239, 741848, 183, 2),
(240, 964769, 114, 6),
(241, 869934, 90, 8),
(242, 294907, 99, 3),
(243, 682370, 83, 10),
(244, 414188, 154, 5),
(245, 414188, 12, 5),
(246, 135160, 144, 10),
(247, 986504, 82, 5),
(248, 307365, 124, 9),
(249, 118040, 185, 4),
(250, 243810, 183, 3),
(251, 581147, 10, 2),
(252, 135160, 191, 1),
(253, 984389, 127, 8),
(254, 328623, 87, 10),
(255, 376368, 34, 4),
(256, 581448, 57, 7),
(257, 469549, 49, 6),
(258, 999737, 70, 4),
(259, 631962, 80, 1),
(260, 778064, 111, 2),
(261, 135160, 195, 2),
(262, 924618, 164, 7),
(263, 202583, 147, 10),
(264, 118040, 37, 7),
(265, 430648, 45, 4),
(266, 142381, 181, 1),
(267, 140105, 198, 2),
(268, 627455, 182, 5),
(269, 784938, 119, 7),
(270, 202583, 9, 6),
(271, 154713, 172, 7),
(272, 581147, 102, 2),
(273, 532856, 140, 5),
(274, 957825, 41, 10),
(275, 162457, 138, 10),
(276, 764268, 81, 4),
(277, 327091, 152, 8),
(278, 246374, 123, 5),
(279, 639060, 62, 10),
(280, 376709, 13, 4),
(281, 662708, 9, 7),
(282, 452423, 44, 6),
(283, 764268, 111, 6),
(284, 964769, 29, 5),
(285, 682370, 55, 3),
(286, 135160, 179, 6),
(287, 187113, 165, 3),
(288, 194787, 194, 1),
(289, 494479, 40, 5),
(290, 162457, 124, 6),
(291, 121630, 175, 1),
(292, 294907, 92, 9),
(293, 327091, 99, 1),
(294, 810517, 36, 3),
(295, 187113, 102, 3),
(296, 307365, 189, 6),
(297, 452423, 184, 7),
(298, 465382, 28, 8),
(299, 307365, 50, 9),
(300, 846573, 107, 2),
(301, 726453, 169, 2),
(302, 604900, 161, 1),
(303, 259488, 111, 10),
(304, 452423, 151, 7),
(305, 461177, 19, 7),
(306, 686101, 89, 1),
(307, 461177, 178, 10),
(308, 281651, 88, 8),
(309, 994315, 2, 6),
(310, 135160, 127, 1),
(311, 165109, 148, 3),
(312, 259488, 164, 1),
(313, 934033, 21, 3),
(314, 286606, 143, 6),
(315, 222445, 114, 7),
(316, 869934, 15, 9),
(317, 733411, 115, 6),
(318, 461177, 27, 10),
(319, 154713, 76, 1),
(320, 202583, 143, 2),
(321, 286606, 134, 3),
(322, 778064, 10, 2),
(323, 635086, 148, 5),
(324, 461177, 149, 4),
(325, 924618, 47, 5),
(326, 627455, 115, 9),
(327, 286606, 15, 1),
(328, 810517, 126, 1),
(329, 613431, 153, 10),
(330, 259488, 90, 3),
(331, 852319, 99, 6),
(332, 202583, 179, 2),
(333, 187113, 111, 1),
(334, 577868, 66, 4),
(335, 376368, 49, 6),
(336, 662708, 47, 1),
(337, 465382, 173, 8),
(338, 328623, 78, 5),
(339, 118040, 82, 5),
(340, 327091, 44, 5),
(341, 274716, 96, 7),
(342, 494479, 185, 10),
(343, 989738, 169, 4),
(344, 726453, 90, 9),
(345, 999737, 72, 1),
(346, 850598, 111, 8),
(347, 452423, 86, 6),
(348, 194787, 114, 9),
(349, 741848, 48, 4),
(350, 430648, 134, 3),
(351, 305413, 114, 8),
(352, 957825, 130, 10),
(353, 683595, 126, 5),
(354, 628399, 200, 10),
(355, 846573, 104, 10),
(356, 683595, 167, 9),
(357, 222445, 99, 7),
(358, 810517, 103, 2),
(359, 683595, 161, 3),
(360, 846573, 111, 9),
(361, 682370, 13, 4),
(362, 460717, 5, 3),
(363, 414188, 145, 4),
(364, 986504, 16, 1),
(365, 986504, 79, 5),
(366, 376709, 123, 1),
(367, 498682, 1, 8),
(368, 246374, 56, 2),
(369, 460717, 19, 5),
(370, 828848, 53, 1),
(371, 162457, 162, 6),
(372, 662708, 185, 5),
(373, 984389, 187, 5),
(374, 828848, 51, 1),
(375, 154713, 61, 5),
(376, 848850, 34, 5),
(377, 222445, 178, 5),
(378, 662708, 107, 8),
(379, 755189, 25, 4),
(380, 810517, 84, 1),
(381, 364488, 70, 1),
(382, 733411, 131, 4),
(383, 469549, 128, 2),
(384, 274716, 128, 4),
(385, 828848, 173, 9),
(386, 778064, 98, 7),
(387, 118040, 128, 9),
(388, 222445, 199, 10),
(389, 494479, 138, 5),
(390, 425089, 2, 3),
(391, 848850, 64, 4),
(392, 498682, 129, 10),
(393, 919342, 196, 9),
(394, 934033, 74, 5),
(395, 118544, 142, 7),
(396, 121630, 71, 6),
(397, 667251, 70, 4),
(398, 994315, 144, 1),
(399, 927052, 28, 8),
(400, 628399, 13, 1),
(401, 850598, 34, 5),
(402, 376368, 9, 3),
(403, 683595, 103, 9),
(404, 425089, 111, 6),
(405, 994315, 146, 3),
(406, 146353, 70, 10),
(407, 784938, 58, 5),
(408, 532856, 101, 2),
(409, 821885, 88, 4),
(410, 328623, 147, 3),
(411, 286606, 137, 3),
(412, 259488, 12, 10),
(413, 240073, 25, 2),
(414, 986504, 123, 3),
(415, 631962, 181, 1),
(416, 874056, 195, 3),
(417, 581448, 72, 9),
(418, 162457, 107, 10),
(419, 194787, 65, 7),
(420, 828848, 121, 6),
(421, 134103, 191, 4),
(422, 165109, 6, 1),
(423, 328623, 85, 5),
(424, 469549, 45, 3),
(425, 246374, 179, 2),
(426, 667251, 39, 7),
(427, 194787, 154, 1),
(428, 852319, 138, 9),
(429, 194787, 163, 8),
(430, 986504, 18, 1),
(431, 187113, 19, 5),
(432, 305413, 66, 2),
(433, 667251, 158, 3),
(434, 627455, 196, 2),
(435, 305413, 74, 6),
(436, 964769, 173, 4),
(437, 596825, 76, 6),
(438, 448371, 190, 6),
(439, 146353, 154, 1),
(440, 937445, 30, 7),
(441, 635086, 160, 2),
(442, 726453, 89, 2),
(443, 274716, 83, 3),
(444, 984389, 70, 8),
(445, 246374, 165, 7),
(446, 662708, 37, 3),
(447, 989738, 163, 4),
(448, 461177, 94, 8),
(449, 202583, 101, 1),
(450, 720483, 177, 6),
(451, 934033, 38, 1),
(452, 883575, 107, 9),
(453, 764268, 115, 10),
(454, 376368, 75, 9),
(455, 667251, 133, 1),
(456, 994315, 37, 4),
(457, 498682, 110, 9),
(458, 414188, 119, 5),
(459, 328623, 180, 8),
(460, 259488, 54, 8),
(461, 259488, 167, 2),
(462, 274716, 90, 10),
(463, 869934, 152, 3),
(464, 924618, 169, 8),
(465, 613431, 34, 9),
(466, 165109, 87, 4),
(467, 957825, 35, 10),
(468, 452423, 177, 6),
(469, 328623, 116, 8),
(470, 874056, 154, 2),
(471, 869934, 58, 7),
(472, 971967, 3, 10),
(473, 631962, 165, 10),
(474, 741848, 29, 8),
(475, 118040, 46, 5),
(476, 984389, 96, 4),
(477, 581448, 136, 10),
(478, 919342, 145, 4),
(479, 874056, 185, 1),
(480, 118040, 31, 8),
(481, 874056, 163, 1),
(482, 989738, 56, 5),
(483, 376709, 42, 9),
(484, 494479, 149, 8),
(485, 613431, 117, 7),
(486, 465382, 131, 5),
(487, 671588, 73, 2),
(488, 425089, 157, 10),
(489, 874056, 131, 9),
(490, 846573, 144, 8),
(491, 581448, 55, 1),
(492, 613431, 149, 6),
(493, 294907, 50, 5),
(494, 327091, 112, 3),
(495, 852319, 27, 8),
(496, 134103, 63, 3),
(497, 329223, 197, 7),
(498, 121630, 43, 4),
(499, 924618, 23, 7),
(500, 682370, 191, 9),
(501, 726453, 80, 2),
(502, 596825, 157, 8),
(503, 222445, 3, 1),
(504, 784938, 25, 2),
(505, 635086, 26, 7),
(506, 821885, 131, 6),
(507, 726453, 175, 4),
(508, 628399, 103, 10),
(509, 764268, 152, 5),
(510, 460717, 65, 10),
(511, 810517, 66, 3),
(512, 927052, 107, 4),
(513, 286606, 132, 1),
(514, 202583, 106, 10),
(515, 498682, 122, 9),
(516, 469549, 193, 9),
(517, 869934, 113, 9),
(518, 828848, 178, 6),
(519, 821885, 77, 1),
(520, 299790, 18, 6),
(521, 720483, 44, 10),
(522, 937445, 156, 4),
(523, 577868, 123, 7),
(524, 846573, 149, 8),
(525, 135160, 104, 8),
(526, 187113, 141, 2),
(527, 937445, 28, 5),
(528, 448371, 74, 10),
(529, 142381, 190, 5),
(530, 465382, 163, 7),
(531, 194787, 46, 8),
(532, 532856, 21, 3),
(533, 828848, 16, 10),
(534, 631962, 153, 10),
(535, 859781, 150, 3),
(536, 240073, 152, 5),
(537, 329223, 178, 5),
(538, 484122, 59, 9),
(539, 460717, 44, 10),
(540, 733411, 143, 10),
(541, 755189, 13, 7),
(542, 764268, 18, 5),
(543, 498682, 180, 9),
(544, 869934, 49, 9),
(545, 821885, 166, 1),
(546, 294907, 198, 5),
(547, 613431, 11, 8),
(548, 494479, 115, 1),
(549, 848850, 23, 4),
(550, 821885, 25, 1),
(551, 846573, 122, 7),
(552, 720483, 150, 4),
(553, 425089, 19, 9),
(554, 733411, 156, 3),
(555, 764268, 196, 5),
(556, 376368, 5, 7),
(557, 162457, 44, 1),
(558, 222445, 20, 8),
(559, 613431, 47, 6),
(560, 498682, 169, 1),
(561, 755189, 62, 10),
(562, 281651, 158, 5),
(563, 733411, 148, 5),
(564, 772086, 39, 7),
(565, 874056, 184, 6),
(566, 828848, 77, 4),
(567, 683595, 8, 8),
(568, 140105, 172, 5),
(569, 859781, 101, 8),
(570, 165109, 7, 1),
(571, 240073, 171, 7),
(572, 683595, 29, 1),
(573, 532856, 140, 6),
(574, 294907, 10, 1),
(575, 837349, 175, 6),
(576, 726453, 95, 1),
(577, 667251, 32, 5),
(578, 259488, 94, 1),
(579, 683595, 121, 4),
(580, 328623, 139, 2),
(581, 364488, 148, 3),
(582, 414188, 175, 2),
(583, 376709, 184, 4),
(584, 733411, 82, 9),
(585, 639060, 117, 9),
(586, 327091, 157, 4),
(587, 784938, 52, 10),
(588, 134103, 53, 6),
(589, 927052, 179, 1),
(590, 165109, 187, 2),
(591, 376368, 70, 1),
(592, 741848, 55, 5),
(593, 274716, 84, 10),
(594, 364488, 17, 8),
(595, 484122, 41, 7),
(596, 937445, 125, 5),
(597, 430648, 151, 8),
(598, 810517, 10, 1),
(599, 821885, 38, 6),
(600, 937445, 14, 9),
(601, 764268, 100, 2),
(602, 135160, 120, 10),
(603, 628399, 90, 10),
(604, 286606, 155, 3),
(605, 464105, 101, 3),
(606, 286606, 42, 5),
(607, 448371, 150, 3),
(608, 764268, 145, 7),
(609, 305413, 25, 4),
(610, 162457, 184, 3),
(611, 848850, 199, 6),
(612, 305413, 77, 9),
(613, 328623, 84, 3),
(614, 187113, 70, 6),
(615, 628399, 40, 2),
(616, 240073, 150, 5),
(617, 328623, 57, 4),
(618, 846573, 194, 8),
(619, 430648, 196, 9),
(620, 986504, 2, 3),
(621, 836022, 51, 8),
(622, 850598, 141, 5),
(623, 305413, 29, 3),
(624, 726453, 90, 7),
(625, 135160, 46, 10),
(626, 329223, 192, 7),
(627, 924618, 30, 8),
(628, 631962, 174, 5),
(629, 286606, 84, 2),
(630, 328623, 24, 10),
(631, 274716, 10, 1),
(632, 986504, 177, 2),
(633, 971967, 133, 9),
(634, 307365, 34, 6),
(635, 848850, 128, 2),
(636, 274716, 16, 5),
(637, 577868, 136, 9),
(638, 631962, 116, 4),
(639, 924618, 180, 6),
(640, 764268, 51, 5),
(641, 869934, 183, 2),
(642, 281651, 67, 8),
(643, 498682, 62, 6),
(644, 828848, 146, 5),
(645, 821885, 46, 2),
(646, 577868, 110, 6),
(647, 686101, 16, 10),
(648, 294907, 58, 9),
(649, 846573, 108, 7),
(650, 364488, 44, 7),
(651, 469549, 5, 1),
(652, 846573, 35, 3),
(653, 755189, 12, 6),
(654, 118040, 104, 10),
(655, 281651, 138, 2),
(656, 604900, 196, 8),
(657, 733411, 1, 7),
(658, 628399, 173, 10),
(659, 924618, 31, 1),
(660, 772086, 46, 6),
(661, 281651, 136, 5),
(662, 874056, 117, 2),
(663, 142381, 106, 5),
(664, 246374, 17, 8),
(665, 465382, 96, 1),
(666, 764268, 114, 8),
(667, 821885, 27, 7),
(668, 305413, 8, 7),
(669, 430648, 97, 5),
(670, 964769, 112, 5),
(671, 628399, 158, 6),
(672, 778064, 154, 10),
(673, 627455, 1, 9),
(674, 581448, 37, 3),
(675, 484122, 48, 3),
(676, 299790, 56, 10),
(677, 142381, 41, 6),
(678, 764268, 155, 9),
(679, 134103, 38, 3),
(680, 984389, 14, 9),
(681, 162457, 72, 6),
(682, 452423, 74, 9),
(683, 202583, 38, 9),
(684, 274716, 169, 5),
(685, 452423, 57, 5),
(686, 448371, 21, 4),
(687, 135160, 31, 10),
(688, 498682, 49, 1),
(689, 461177, 189, 6),
(690, 874056, 131, 2),
(691, 852319, 166, 5),
(692, 999737, 68, 6),
(693, 919342, 28, 6),
(694, 494479, 91, 9),
(695, 305413, 51, 3),
(696, 662708, 108, 1),
(697, 448371, 1, 8),
(698, 772086, 22, 6),
(699, 837349, 71, 10),
(700, 134103, 45, 8),
(701, 286606, 183, 3),
(702, 581448, 72, 9),
(703, 243810, 199, 7),
(704, 883575, 13, 6),
(705, 154713, 63, 3),
(706, 329223, 181, 5),
(707, 259488, 66, 7),
(708, 494479, 168, 3),
(709, 246374, 125, 4),
(710, 836022, 13, 6),
(711, 430648, 12, 8),
(712, 460717, 64, 8),
(713, 755189, 167, 7),
(714, 118040, 155, 6),
(715, 222445, 192, 9),
(716, 140105, 137, 7),
(717, 934033, 148, 2),
(718, 494479, 180, 1),
(719, 874056, 137, 10),
(720, 165109, 140, 9),
(721, 850598, 93, 1),
(722, 986504, 154, 1),
(723, 532856, 6, 5),
(724, 307365, 135, 6),
(725, 118040, 128, 10),
(726, 635086, 199, 3),
(727, 581448, 126, 6),
(728, 581147, 48, 1),
(729, 639060, 34, 9),
(730, 452423, 180, 5),
(731, 852319, 130, 1),
(732, 461177, 155, 5),
(733, 222445, 124, 5),
(734, 683595, 192, 10),
(735, 118544, 40, 2),
(736, 294907, 28, 4),
(737, 604900, 37, 5),
(738, 307365, 6, 5),
(739, 484122, 156, 3),
(740, 957825, 140, 9),
(741, 852319, 109, 6),
(742, 934033, 15, 6),
(743, 498682, 127, 1),
(744, 118040, 51, 9),
(745, 460717, 190, 6),
(746, 376709, 65, 8),
(747, 852319, 6, 4),
(748, 937445, 37, 3),
(749, 165109, 91, 6),
(750, 682370, 32, 4),
(751, 784938, 28, 10),
(752, 305413, 137, 1),
(753, 859781, 146, 9),
(754, 971967, 44, 8),
(755, 142381, 46, 7),
(756, 919342, 25, 1),
(757, 596825, 17, 7),
(758, 259488, 52, 1),
(759, 246374, 164, 3),
(760, 465382, 17, 9),
(761, 162457, 154, 8),
(762, 874056, 190, 7),
(763, 927052, 34, 1),
(764, 733411, 183, 8),
(765, 869934, 33, 6),
(766, 964769, 151, 4),
(767, 846573, 46, 7),
(768, 154713, 99, 9),
(769, 222445, 111, 9),
(770, 836022, 79, 4),
(771, 639060, 27, 3),
(772, 134103, 193, 7),
(773, 465382, 79, 8),
(774, 364488, 181, 8),
(775, 165109, 180, 6),
(776, 836022, 120, 9),
(777, 628399, 61, 10),
(778, 869934, 31, 5),
(779, 883575, 93, 8),
(780, 869934, 137, 10),
(781, 142381, 181, 5),
(782, 958403, 116, 2),
(783, 430648, 11, 4),
(784, 852319, 167, 9),
(785, 986504, 156, 5),
(786, 682370, 134, 1),
(787, 240073, 94, 9),
(788, 964769, 72, 1),
(789, 162457, 28, 8),
(790, 639060, 103, 5),
(791, 859781, 132, 2),
(792, 848850, 61, 8),
(793, 919342, 157, 5),
(794, 162457, 6, 6),
(795, 741848, 78, 2),
(796, 733411, 189, 7),
(797, 246374, 91, 10),
(798, 639060, 138, 10),
(799, 376709, 136, 10),
(800, 836022, 187, 9),
(801, 328623, 49, 8),
(802, 821885, 157, 9),
(803, 281651, 108, 5),
(804, 869934, 82, 10),
(805, 964769, 100, 2),
(806, 498682, 87, 5),
(807, 140105, 189, 1),
(808, 134103, 99, 6),
(809, 281651, 125, 3),
(810, 989738, 196, 10),
(811, 448371, 141, 8),
(812, 874056, 105, 3),
(813, 460717, 95, 2),
(814, 532856, 168, 1),
(815, 299790, 26, 4),
(816, 999737, 26, 1),
(817, 683595, 146, 6),
(818, 118040, 66, 4),
(819, 810517, 7, 10),
(820, 846573, 129, 2),
(821, 628399, 186, 6),
(822, 364488, 27, 6),
(823, 134103, 177, 8),
(824, 118040, 52, 2),
(825, 240073, 170, 5),
(826, 874056, 197, 7),
(827, 581147, 160, 10),
(828, 376368, 162, 6),
(829, 836022, 71, 9),
(830, 532856, 185, 2),
(831, 425089, 174, 10),
(832, 328623, 134, 10),
(833, 984389, 94, 2),
(834, 726453, 120, 10),
(835, 307365, 24, 9),
(836, 994315, 38, 1),
(837, 464105, 135, 6),
(838, 286606, 75, 1),
(839, 194787, 174, 8),
(840, 883575, 198, 3),
(841, 927052, 113, 8),
(842, 733411, 157, 8),
(843, 989738, 147, 1),
(844, 202583, 58, 1),
(845, 581448, 126, 6),
(846, 596825, 155, 4),
(847, 671588, 123, 8),
(848, 850598, 13, 10),
(849, 194787, 162, 8),
(850, 828848, 154, 6),
(851, 667251, 83, 7),
(852, 376368, 82, 8),
(853, 821885, 172, 10),
(854, 305413, 175, 9),
(855, 741848, 35, 3),
(856, 498682, 6, 5),
(857, 924618, 171, 9),
(858, 919342, 197, 4),
(859, 465382, 152, 10),
(860, 299790, 119, 2),
(861, 240073, 76, 4),
(862, 329223, 131, 3),
(863, 772086, 115, 8),
(864, 376709, 150, 6),
(865, 165109, 132, 2),
(866, 639060, 128, 3),
(867, 662708, 161, 4),
(868, 425089, 102, 2),
(869, 274716, 110, 9),
(870, 187113, 60, 4),
(871, 464105, 72, 2),
(872, 726453, 119, 9),
(873, 846573, 156, 4),
(874, 118040, 126, 2),
(875, 667251, 133, 2),
(876, 755189, 159, 2),
(877, 202583, 50, 10),
(878, 461177, 198, 1),
(879, 927052, 149, 3),
(880, 494479, 82, 1),
(881, 733411, 164, 4),
(882, 919342, 93, 5),
(883, 118544, 38, 4),
(884, 134103, 110, 10),
(885, 596825, 50, 2),
(886, 187113, 119, 6),
(887, 274716, 179, 1),
(888, 874056, 40, 8),
(889, 460717, 71, 1),
(890, 741848, 134, 5),
(891, 994315, 128, 4),
(892, 299790, 8, 2),
(893, 194787, 89, 5),
(894, 246374, 5, 9),
(895, 810517, 106, 10),
(896, 662708, 130, 7),
(897, 498682, 106, 8),
(898, 364488, 133, 9),
(899, 667251, 12, 7),
(900, 299790, 87, 6),
(901, 999737, 174, 9),
(902, 577868, 99, 10),
(903, 140105, 41, 7),
(904, 376368, 114, 1),
(905, 924618, 74, 2),
(906, 971967, 29, 10),
(907, 461177, 151, 8),
(908, 469549, 153, 6),
(909, 986504, 164, 5),
(910, 850598, 52, 2),
(911, 118040, 157, 6),
(912, 635086, 169, 10),
(913, 146353, 44, 10),
(914, 305413, 19, 8),
(915, 246374, 49, 2),
(916, 461177, 198, 7),
(917, 686101, 34, 1),
(918, 222445, 164, 2),
(919, 376709, 90, 3),
(920, 452423, 190, 7),
(921, 604900, 25, 10),
(922, 836022, 8, 10),
(923, 937445, 74, 8),
(924, 162457, 6, 2),
(925, 465382, 182, 1),
(926, 934033, 36, 2),
(927, 850598, 33, 10),
(928, 135160, 115, 6),
(929, 821885, 136, 3),
(930, 430648, 87, 1),
(931, 281651, 167, 2),
(932, 118040, 31, 9),
(933, 631962, 153, 10),
(934, 452423, 163, 5),
(935, 999737, 169, 7),
(936, 165109, 51, 10),
(937, 305413, 103, 10),
(938, 327091, 115, 1),
(939, 430648, 121, 9),
(940, 852319, 99, 1),
(941, 957825, 125, 2),
(942, 852319, 148, 10),
(943, 246374, 39, 8),
(944, 810517, 126, 10),
(945, 667251, 29, 10),
(946, 778064, 24, 4),
(947, 828848, 149, 7),
(948, 305413, 133, 7),
(949, 162457, 22, 3),
(950, 581448, 29, 4),
(951, 461177, 122, 2),
(952, 726453, 18, 7),
(953, 627455, 41, 10),
(954, 305413, 153, 3),
(955, 784938, 145, 9),
(956, 146353, 28, 7),
(957, 604900, 158, 1),
(958, 146353, 187, 6),
(959, 202583, 161, 3),
(960, 448371, 152, 9),
(961, 118040, 129, 2),
(962, 919342, 90, 7),
(963, 994315, 120, 3),
(964, 274716, 157, 5),
(965, 307365, 7, 3),
(966, 989738, 88, 1),
(967, 846573, 23, 9),
(968, 425089, 191, 2),
(969, 222445, 161, 8),
(970, 240073, 58, 3),
(971, 376709, 154, 4),
(972, 828848, 19, 9),
(973, 733411, 190, 6),
(974, 202583, 162, 9),
(975, 430648, 10, 8),
(976, 222445, 148, 4),
(977, 927052, 69, 8),
(978, 246374, 175, 4),
(979, 989738, 171, 1),
(980, 828848, 22, 7),
(981, 187113, 39, 5),
(982, 154713, 122, 10),
(983, 927052, 19, 4),
(984, 924618, 85, 8),
(985, 596825, 114, 10),
(986, 836022, 82, 6),
(987, 671588, 114, 2),
(988, 194787, 9, 1),
(989, 142381, 37, 10),
(990, 741848, 86, 9),
(991, 294907, 32, 3),
(992, 484122, 53, 8),
(993, 376368, 185, 3),
(994, 741848, 44, 7),
(995, 461177, 10, 8),
(996, 772086, 158, 8),
(997, 741848, 174, 6),
(998, 733411, 31, 2),
(999, 329223, 198, 5),
(1000, 924618, 6, 10);